name,hsex,age,degree,SBP,DBP,RR,pulse,spo2,temperature,admit_to,serious_event,disposition,triage_class_id,triage_class,MAP,vital,PP,t_up,degreec,CHIEF_COMPLAINT,central_pain
劉軒,0,49,3,149,87,18,77,99,36.3,,0,3,A0904,9,107,0,62,0,0,"局部紅腫-(3)急性周邊重度疼痛(8-10)3天前開始左臉頰疼痛,延伸至左臉額頭疼痛麻木,至家醫科診所建議退掛故入",0
曾睿,0,49,3,158,75,18,90,99,36.9,,0,3,A0202,2,102,0,83,0,0,胸痛/胸悶-(3)急性中樞中度疼痛(4-7)，咳嗽半個月，剛剛有胸痛，會喘不過氣，雙手酸。,0
吳萱,0,55,3,131,77,20,95,98,36.2,Ward,0,2,A1302,13,95,0,54,0,0,發燒/畏寒-(3)發燒(看起來有病容)今天開始發燒，右後背痛到嘔吐，昨天有致OPD求至，診斷右腎水腫,0
高明,0,76,3,174,97,17,78,97,36.6,,0,3,A0409,4,122,0,77,0,0,今天早上開始左手左腳麻(3)知覺喪失/感覺異常，急性,0
王華,1,78,3,161,74,20,64,100,36.6,,0,3,A0301,3,103,0,87,0,0,腸胃系統-腹痛-(3)急性中樞中度疼痛(4-7)-主訴腹痛2天,0
鍾婷,0,31,3,119,56,20,118,97,36.4,,0,3,A0714,7,77,0,63,0,0,上呼吸道感染相關症狀（鼻塞、流鼻水、咳嗽、喉嚨痛）-(3)血壓或心跳有異於病人之平常數值，但血行動力穩定 懷孕第13週，病人感冒一星期，全身肌肉痠痛，頭痛,0
謝清妤,0,64,2,138,94,28,104,96,36.3,Ward,0,2,A0107,1,108,1,44,0,1,呼吸系統-呼吸短促-(2)血行動力循環不足-喘由門診轉入,0
施家威,0,64,2,124,82,20,129,88,37.9,,0,3,A1315,13,96,1,42,0,1,一般和其他-發燒/畏寒-(3)發燒(看起來有病容)(2)中度呼吸窘迫(＜92%),0
高軒霖,0,64,2,107,65,35,60,90,36.6,Ward,0,2,A0107,1,79,1,42,0,1,呼吸系統-呼吸短促-(2)中度呼吸窘迫(＜92%),0
郭宇偉,0,66,3,117,83,20,96,100,36,,0,3,A0410,4,94,0,34,0,0,"神經系統-眩暈/頭暈-(3)姿勢性,無其他神經學症狀；主訴睡不著、頭暈持續一星期、檢傷血糖:161MG/DL；自述有DM、HTN、心臟裝過支架HX",0
高心,0,66,3,142,67,20,102,98,36.1,,0,3,A1304,13,92,0,75,0,0,低血糖-(3)＜60mg/dl，無症狀，在家量血糖低，檢傷血糖85MG/DL。,0
陳心,0,67,3,149,60,20,99,97,35.3,,0,3,A0202,2,89,0,89,0,0,心臟血管系統-胸痛/胸悶-(3)急性中樞中度疼痛(4-7)胸痛約3天 沒有痛到背後 本身有放過四支支架,0
高冠,0,67,2,121,51,20,95,98,36.4,,0,3,A0202,2,74,0,70,1,1,心臟血管系統-胸痛/胸悶-(3)急性中樞中度疼痛(4-7)自述下午五點開始胸悶、胸痛，晚上9點吃過2顆NTG，Hx：糖尿病、高血壓、心臟病(放過4支支架),0
莊家冠,0,67,3,128,94,16,70,100,36.8,,0,3,A0410,4,105,0,34,0,0,"神經系統-眩暈/頭暈-(3)姿勢性,無其他神經學症狀-主訴今天開始頭暈、想吐；HTN HX",0
謝天雅,0,67,3,118,78,20,58,99,35,,0,3,A0704,7,91,0,40,0,0,頭暈、耳鳴,0
高宇哲,1,67,2,80,52,18,68,98,36.5,,0,3,A0410,4,61,1,28,0,1,"神經系統-中風症狀(突發性口齒不清/單側肢體感覺異常/突發性視覺異常)-(2)症狀發作時間＜6小時,家屬代訴一小時前左側肢體無力,有喝酒",0
郭建心,0,62,3,149,66,18,60,96,36.3,,0,3,A0301,3,93,0,83,0,0,"腹痛-(3)急性中樞中度疼痛(4-7)晚上11點開始腹痛,噁心想吐,畏寒故入",0
簡雅雅,0,62,3,116,55,20,68,96,36.4,Ward,0,2,A0205,2,75,0,61,0,0,全身虛弱/無力-(3)血壓或心跳有異於病人之平常數值，但血行動力穩定，自訴胸口悶在家量血壓低，冒冷汗,0
周芷,0,62,3,149,65,19,75,95,38.3,,0,3,A1302,13,93,0,84,0,0,一般和其他-發燒/畏寒-(3)發燒(看起來有病容)昨天開始發燒 咳嗽 全身痠痛,0
高安雅,0,32,3,116,60,18,68,98,36.8,,0,3,A1104,11,78,0,56,0,0,"眩暈/頭暈-(3)姿勢性,無其他神經學症狀,睡醒後眩暈,噁心想吐,近日失眠",0
葉德宇,1,68,3,132,86,20,92,98,37.5,,0,3,A1302,13,101,0,46,0,0,一般和其他-發燒/畏寒-(3)發燒(看起來有病容)-主訴發燒、流鼻水、喉嚨痛；HTN HX,0
鄭清婷,1,62,3,126,93,20,91,98,36.9,,0,3,A0307,3,104,0,33,0,0,腸胃系統-噁心/嘔吐-(3)急性持續性嘔吐-主訴今天開始上吐下瀉；BPH、腎囊腫HX,0
彭修,1,68,3,135,73,18,88,98,35.4,,0,3,A0610,6,93,0,62,0,0,昨天開始解尿不順。泌尿系統-尿滯留-(3)急性中樞中度疼痛(4-7),0
張詩怡,1,68,4,141,83,18,70,99,35.7,,0,3,A0610,6,102,0,58,0,0,"泌尿系統-尿滯留-(4)尿滯留，生命徵象正常，無發燒，無疼痛不適(病史:BPH,腫瘤切片)",0
朱心,1,68,4,120,82,18,76,100,35.3,,0,3,A0610,6,94,0,38,0,0,表示尿管有血尿(過敏史:無;病史:肝腫瘤S/P.攝護腺肥大S/P)泌尿系統-血尿-(4)急性周邊中度疼痛(4-7),0
何致品,0,53,3,194,95,20,84,98,36.8,,0,3,A1010,10,128,0,99,0,0,婦產科-陰道出血-自述停經7年，晚間出下體出血情形，伴隨下腹疼痛,0
江安凡,0,56,4,140,99,20,76,98,36.8,,0,3,A0607,6,112,0,41,0,0,泌尿道感染相關症狀（頻尿、解尿疼痛）-(4)急性周邊中度疼痛(4-7) 昨天晚上開始頻尿、解尿疼痛、血尿及右腰痛，無發燒,0
蔡瑋怡,0,36,3,115,63,18,73,99,36.5,,0,3,A0301,3,80,0,52,0,0,"腸胃系統-腹痛-(3)急性中樞中度疼痛(4-7)近三天下腹痛,診所求治建議轉診",0
葉品婷,0,67,3,147,77,17,67,98,37.4,,0,3,A0602,6,100,0,70,0,0,泌尿系統-左腰痛 血尿-(3)急性中樞中度疼痛(4-7),0
游羽德,1,37,3,124,81,19,92,99,35.2,,0,3,A0314,3,95,0,43,0,0,腸胃系統-腹痛-(3)急性中樞中度疼痛(4-7)-下腹疼痛，4天前有至台大醫院求治為副睪發炎，今仍疼痛不適故入,0
施巧天,0,50,3,135,88,20,54,99,35.9,,0,3,A0314,3,103,0,47,0,0,腸胃系統-腹痛-(3)急性中樞中度疼痛(4-7)表示胃脹不適有噁心感,0
潘晴捷,0,51,3,202,95,18,66,99,36.2,,0,3,A0404,4,130,0,107,0,0,表示血壓高(過敏史:無;病史:甲狀腺腫大)心臟血管系統-高血壓急症*SBP=收縮壓DBP=舒張壓-(3)SBP200-220mmHg或DBP110-130mmHg，伴隨任一症狀(呼吸短促、胸痛、頭痛、噁心嘔吐、眩暈),0
胡平冠,1,60,3,131,70,20,90,98,36.5,Ward,0,2,A0301,3,90,0,61,0,0,腸胃系統-腹痛-(3)急性中樞中度疼痛(4-7)-主訴右下腹疼痛,0
徐遠語,0,78,3,110,69,20,74,99,35.9,,0,3,A0503,5,82,0,41,0,0,早上開始左膝蓋疼痛沒有跌倒情形故入下肢疼痛-(3)急性周邊重度疼痛(8-10),0
徐雅雅,0,78,3,106,54,18,73,98,35.7,,0,3,A0610,6,71,0,52,0,0,泌尿系統-少尿-(3)急性中樞中度疼痛(4-7)-解尿困難昨有ER F/U仍無解尿故再入,0
許修,1,55,3,154,104,20,131,96,38.4,Ward,0,2,A1302,13,120,0,50,0,0,昨天下午因膽管炎剛出院，昨晚開始發高燒。發燒/畏寒-(3)血壓或心跳有異於病人之平常數值，但血行動力穩定,0
簡涵,0,63,3,157,85,20,62,99,36.3,Ward,0,2,A0301,3,109,0,72,0,0,腹痛-(3)急性中樞中度疼痛(4-7) 下午五點多趕到上腹及右腹疼痛故入,0
張柏心,0,63,3,131,77,20,76,97,36.7,Ward,0,2,A0301,3,95,0,54,0,0,腸胃系統-腹痛-(3)急性中樞中度疼痛(4-7) 昨天開始胃痛嘔吐，今天有至門診就醫無改善故入,0
朱雅,1,68,3,144,97,19,104,99,36.6,,0,3,A0503,5,112,0,47,0,0,骨骼系統-下肢疼痛-(3)急性周邊重度疼痛(8-10)家屬表屁骨關節痛,0
謝明彥,0,71,3,186,102,20,78,98,37.1,,0,3,A0314,3,130,0,84,0,0,"腸胃系統-腹痛-(3)急性中樞中度疼痛(4-7)晚上8點開始腹痛,GERD HX",0
徐巧,0,60,3,118,81,22,110,100,35,,0,3,A0101,1,93,0,37,0,0,四五天前開始喘，現仍喘不適。(3)血壓或心跳有異於病人之平常數值，但血行動力穩定,0
葉彥安,0,60,3,141,86,24,134,97,36.9,,0,3,A0107,1,104,0,55,0,0,呼吸喘2星期，星期六本院就診，今仍不適故入。呼吸系統-呼吸短促-(3)血壓或心跳有異於病人之平常數值，但血行動力穩定,0
朱遠心,1,55,3,119,66,20,86,100,36.7,Ward,0,2,A0314,3,83,0,53,0,0,腸胃科科門診轉入。因右上腹疼痛10多天、黃疸故入急診。腸胃系統-黃疸-(3)急性中樞中度疼痛(4-7),0
周德,1,59,3,113,58,22,52,99,36.4,,0,3,A0203,2,76,0,55,0,0,心臟血管系統-心悸/不規則心跳-(3)血壓或心跳有異於病人之平常數值，但血行動力穩定 主訴心跳慢、呼吸喘,0
彭晴怡,0,70,3,111,58,20,97,99,37.3,,0,3,A0403,4,75,0,53,0,0,神經系統-眩暈/頭暈-(3)血壓或心跳有異於病人之平常數值，但血行動力穩定 全身不適疼痛,0
羅霖,1,64,3,143,67,20,61,96,36.2,,0,3,A0601,6,92,0,76,0,0,腰痛-(3)急性中樞中度疼痛(4-7)右腰疼痛約一個禮拜今天較疼痛故入,0
胡宇,1,64,3,149,65,20,87,98,36.8,,0,3,A0105,1,93,0,84,0,0,呼吸系統咳嗽*2週-咳血-(3)咳血塊去診所看過診,0
朱羽彥,1,64,4,151,72,17,97,94,36.7,,0,3,A0608,6,98,0,79,0,0,泌尿系統-少尿-心臟血管系統-肢體水腫-(4)昨天開始雙下肢水腫，尿量減少,0
曾心怡,1,69,3,104,59,20,93,96,37.4,Ward,0,2,A0314,3,74,0,45,0,0,腸胃系統-便秘-(3)急性中樞中度疼痛(4-7)四五天未解便,0
楊冠,1,69,2,88,56,20,95,93,35.6,,0,3,A0903,9,66,1,32,0,1,紅疹-(2)血行動力循環不足  剛剛早上吃完早餐後全身起紅疹表示當時有雙眼上吊雙腳斗故入,0
林宜心,0,61,3,137,91,20,86,99,36.6,,0,3,A0314,3,106,0,46,0,0,腸胃系統-腹痛-(3)急性中樞中度疼痛(4-7)-腹痛及嘔吐昨天起,0
江威心,0,61,4,118,82,20,81,99,36.8,,0,3,A0504,5,94,0,36,0,0,骨骼系統-上肢疼痛-(4)急性周邊中度疼痛(4-7)-右腕疼痛，想打止痛劑,0
呂冠平,0,62,3,181,98,20,75,99,36,,0,3,A0502,5,125,0,83,0,0,知覺喪失/上肢疼痛-(3)急性周邊重度疼痛(8-10) 右手手背疼痛,0
余巧,1,23,4,141,91,18,88,98,36,,0,3,A0707,7,107,0,50,0,0,喉嚨痛-(4)急性中樞輕度疼痛(＜4)，昨天開始喉嚨痛，今天吞嚥會劇烈疼痛，VAS：5分。,0
廖語平,0,64,3,121,64,20,86,98,36.5,Ward,0,2,A0410,4,83,0,57,0,0,神經系統-肢體無力-(3)症狀發作時間＞4.5小時或已緩解-神內張哲誠醫師門診轉入-主訴2/19中午開始左側無力,0
劉修冠,1,41,3,170,81,20,74,99,36.8,,0,3,A0314,3,110,0,89,0,0,腸胃系統-腹痛-(3)急性中樞中度疼痛(4-7)-主訴今天開始中午開始胃痛；HTN、DM HX,0
郭平語,0,62,3,160,95,20,56,98,36.4,,0,3,A0403,4,116,0,65,0,0,表頭暈血壓量不出來故入神經系統-眩暈/頭暈-(3)血壓或心跳有異於病人之平常數值，但血行動力穩定,0
張柔,0,73,3,109,62,20,73,99,36.6,,0,3,A0202,2,77,0,47,0,0,胸痛/胸悶-(3)急性中樞中度疼痛(4-7) 剛開始胸悶不適故入,0
蔡平安,0,52,3,110,73,18,81,98,37.1,,0,3,A0301,3,85,0,37,0,0,"胸痛/胸悶-(3)急性中樞中度疼痛(4-7)上腹痛,胃酸逆流,胸痛3天,牙痛有至診所就診,建議至大醫院做治療,已告知現無值班牙醫,病人想止痛就好故入",0
黃思品,0,53,3,159,79,19,74,98,36.5,,0,3,A0404,4,105,0,80,0,0,神經系統-頭痛-(3)急性中樞中度疼痛(4-7),0
周捷,0,53,3,157,95,17,70,99,36.7,,0,3,A0203,2,115,0,62,0,0,心臟血管系統-心悸/不規則心跳-(3)昨天開始覺得心悸，現主訴上禮拜五有撞到頭，這幾天感覺頭暈,0
沈柔語,1,49,3,120,79,18,97,97,36.8,,0,3,A0903,9,92,0,41,0,0,"泌尿系統-少尿-(3)急性中樞中度疼痛(4-7)表示少尿2-3天,且今天有喝酒後全身起紅疹(過敏史:無;病史:PSY.腎絲球腎炎)",0
周品致,0,54,3,126,95,20,86,98,36.7,,0,3,A0210,2,105,0,31,0,0,心臟血管系統-胸痛/胸悶-(3)急性中樞中度疼痛(4-7)這兩天開始胸口緊緊的覺得心跳很快喘不過氣，背也很緊繃,0
謝嘉,0,54,3,146,92,23,80,98,36.6,,0,3,A0107,1,110,0,54,0,0,呼吸系統-換氣過度-(3)下午開始覺得喘，本身有氣喘高血壓，右腰疼痛,0
黃偉,0,54,2,118,81,18,75,98,36.5,,0,3,A1203,12,93,0,37,1,1,"藥物過量攝取-(2)企圖自殺或者有明確的計畫,病人跟小孩吵架,剛口服約20顆鎮靜安眠藥,由朋友抱入",0
黃涵修,0,56,3,141,81,19,67,98,36,,0,3,A0202,2,101,0,60,0,0,心臟血管系統-胸痛/胸悶-(3)急性中樞中度疼痛(4-7)下午開始 胸悶 呼吸偏喘 天旋地轉的頭暈 手麻 噁心,0
葉羽豪,1,36,3,123,86,19,91,100,36.6,Ward,0,2,A0504,5,98,0,37,0,0,骨骼系統-背痛-(3)急性中樞中度疼痛(4-7)腰痠,0
朱嘉巧,1,77,3,141,60,20,56,99,36.3,,0,3,A0403,4,87,0,81,0,0,"眩暈/頭暈-(3)姿勢性,無其他神經學症狀 早上起床後開始頭暈",0
徐凡哲,1,77,3,131,64,20,67,99,36.8,,0,3,A0303,3,86,0,67,0,0,便秘-(3)急性中樞中度疼痛(4-7) 今天便秘一天，表示解便解不出來,0
潘語冠,0,86,3,113,71,20,95,96,37.6,,0,3,A1302,13,85,0,42,0,0,今天下午左手洗完腎後頭暈，畏寒。(3)發燒(看起來有病容),0
周彥德,0,87,3,140,60,20,103,97,36.2,Ward,0,2,A0310,3,86,0,80,0,0,血便/黑便-(3)中量血便/黑便，今天從本院出院回家解血便,0
彭雅平,0,87,3,147,67,20,93,98,35.9,,0,3,A1309,13,93,0,80,0,0,醫療裝置問題-(3)血壓或心跳有異於病人之平常數值，但血行動力穩定 病人本身洗腎，今天移動時不慎把人工血管扯到，現出血中,0
陳平,0,62,3,99,59,16,70,98,36.6,,0,3,A0903,9,72,0,40,0,0,主訴昨天開始發燒、全身起紅疹,0
許怡,0,62,3,99,54,20,105,96,36.9,,0,3,A0911,9,69,0,45,0,0,皮膚系統-紅疹-(3)廣泛性紅疹,0
張柏平,0,62,3,90,56,18,100,98,37,,0,3,A0911,9,67,0,34,0,0,皮膚刺痛、全身紅不適。皮膚系統-紅疹-(3)廣泛性紅疹,0
朱哲修,1,68,3,168,94,19,81,96,36.7,,0,3,A0410,4,118,0,74,0,0,"神經系統-眩暈/頭暈-(3)姿勢性,無其他神經學症狀雙腳無力好幾天",0
張宇,0,61,3,144,95,17,83,99,35.9,,0,3,A0404,4,111,0,49,0,0,(3)急性中樞中度疼痛(4-7)前天開始左邊頭痛，眼睛痠，嘔吐腹瀉，診所就醫無改善,0
游天瑋,0,40,3,114,60,20,78,100,36.5,,0,3,A0904,9,78,0,54,0,0,前天腸胃炎到新泰急診就醫，現全身皮膚癢、紅疹、發燙、腫。局部紅腫-(3)急性周邊重度疼痛(8-10),0
呂冠,0,41,3,110,72,20,110,99,36.3,,0,3,A0403,4,84,0,38,0,0,"眩暈/頭暈-(3)血壓或心跳有異於病人之平常數值，但血行動力穩定  現AP約16-17週 早上有頭暈不適故至西藥房買藥吃,吃完後感到腹痛到和呼吸喘故入",0
施千天,0,42,3,114,72,20,89,99,36,,0,3,A0707,7,86,0,42,0,0,表剛覺得胃食道逆流，現覺得喉嚨灼熱感故入，現AP22+4週耳鼻喉系統-喉嚨痛-(3)血壓或心跳有異於病人之平常數值，但血行動力穩定,0
徐平凡,0,42,3,135,85,17,98,98,36.6,,0,3,A1008,10,101,0,50,0,0,婦產科-懷孕問題大於20週-(3)凝血異常-中度或輕度的出血 表示懷孕約25週 有出鮮血少量,0
廖豪安,0,21,3,110,73,20,62,99,36.5,,0,3,A0301,3,85,0,37,0,0,腸胃系統-腹痛-(3)急性中樞中度疼痛(4-7)-主訴腹痛，自述昨天晚上有性行為，LMP:7/28-至今,0
余天德,0,60,3,164,89,20,92,98,38,,0,3,A1302,13,114,0,75,0,0,一般和其他-發燒/畏寒-(3)發燒(看起來有病容)-主訴發燒,0
游雅凡,0,70,3,118,70,20,82,94,36.6,,0,3,A0202,2,86,0,48,0,0,"胸痛/胸悶-(3)急性中樞中度疼痛(4-7),早上開始喘(病史:高血壓,糖尿病,心臟病,心臟瓣膜閉合不全-CABG)(過敏:prine)",0
張平嘉,0,70,3,134,63,20,64,98,36.2,,0,3,A0602,6,86,0,71,0,0,血尿-(3)急性周邊重度疼痛(8-10)下腹痛、解血尿,0
朱廷怡,0,70,3,133,68,20,65,94,36.2,,0,3,A0903,9,89,0,65,0,0,2天前喝草藥茶後全身癢、紅疹故入。(過敏史:PYRINE;病史:高血壓、糖尿病、心臟病、新心臟修補)皮膚系統-紅疹-(3)廣泛性紅疹,0
蔡涵哲,0,71,3,129,59,17,78,95,36.9,,0,3,A0301,3,82,0,70,0,0,腸胃系統-昨天開始上腹痛-(3)急性中樞中度疼痛(4-7),0
周修心,0,71,3,126,60,17,70,95,36.5,,0,3,A0301,3,82,0,66,0,0,腸胃系統上腹痛-(3)急性中樞中度疼痛(4-7),0
郭偉嘉,0,71,3,156,86,17,84,97,36,,0,3,A0301,3,109,0,70,0,0,腸胃系統-腹痛-(3)急性中樞中度疼痛(4-7) 2小時前開始上腹痛無嘔吐腹瀉,0
曾雅冠,0,71,3,137,87,20,86,96,36.1,,0,3,A0301,3,103,0,50,0,0,腹痛-(3)急性中樞中度疼痛(4-7) 昨天晚上有至急診，現仍感腹痛、頭暈、天旋地轉、噁心、全身無力,0
徐平冠,0,71,3,118,79,17,76,96,36.2,,0,3,A0403,4,92,0,39,0,0,神經系統-眩暈/頭暈-(3)昨天開始頭暈、全身無力，檢傷血糖144mg/dl,0
蔡心傑,0,71,3,120,73,20,72,99,36.4,,0,3,A0601,6,88,0,47,0,0,腰痛-(3)急性中樞中度疼痛(4-7) 今天早上做碎石術，現左腰痛，血尿，已服用止痛藥未改善,0
吳品廷,0,74,3,149,86,18,80,98,36.5,,0,3,A0403,4,107,0,63,0,0,"眩暈/頭暈-(3)血壓或心跳有異於病人之平常數值，但血行動力穩定,吃飽飯頭暈,量血壓200多故入",0
何冠怡,0,75,3,158,109,20,72,97,36.4,,0,3,A0606,6,125,0,49,0,0,泌尿系統-尿滯留-(3)急性中樞中度疼痛(4-7) 半夜想尿尿但尿不出來 觸診下腹脹,0
鄭冠凡,0,75,3,144,82,20,85,97,37.1,,0,3,A0403,4,102,0,62,0,0,"神經系統-眩暈/頭暈-(3)姿勢性,無其他神經學症狀 剛在門診做完腹部超音波後感頭暈想吐",0
周家明,0,71,3,153,70,19,62,96,36.2,,0,3,A0403,4,97,0,83,0,0,神經系統-眩暈/頭暈-(3)血壓或心跳有異於病人之平常數值，但血行動力穩定 頭暈嘔吐多次,0
高冠瑋,0,72,3,99,59,18,69,95,36.1,Ward,0,2,A0403,4,72,0,40,0,0,"眩暈/頭暈-(3)姿勢性,無其他神經學症狀，頭暈1週。",0
高哲語,0,55,3,173,101,20,87,98,36.2,,0,3,A0403,4,125,0,72,0,0,"眩暈/頭暈-(3)姿勢性,無其他神經學症狀，今天開始頭暈，有吐",0
許心傑,1,43,3,131,84,20,101,98,37,,0,3,A0504,5,99,0,47,0,0,骨骼系統-下肢疼痛-(3)急性周邊重度疼痛(8-10) 左足背 足底疼痛無法行走,0
朱凡遠,1,46,3,133,88,20,60,99,37.5,,0,3,A0103,1,103,0,45,0,0,今天開始傍晚，畏寒頭暈，咳嗽。(3)發燒(看起來有病容),0
黃安修,1,36,3,109,72,19,79,99,36.1,,0,3,A0314,3,84,0,37,0,0,腸胃系統-腹痛-(3)急性中樞中度疼痛(4-7)前天開始腹痛,0
鄭巧修,1,37,4,121,63,18,91,97,36.6,,0,3,A0904,9,82,0,58,0,0,皮膚系統-局部紅腫-(4)急性周邊中度疼痛(4-7) 表示左側鼠蹊部有紅腫情形  (過敏史:無;病史:心臟病.高血脂),0
廖修偉,1,37,3,104,64,20,73,99,36.4,,0,3,A0301,3,77,0,40,0,0,表左下腹疼痛已一個禮拜入腸胃系統-腹痛-(3)血壓或心跳有異於病人之平常數值，但血行動力穩定,0
高宏心,1,37,3,102,64,20,67,98,36.1,,0,3,A0104,1,76,0,38,0,0,"心臟血管系統-呼吸系統-換氣過度-(3)血壓或心跳有異於病人之平常數值，但血行動力穩定,119入,剛突然感頭皮發麻,心情緊張,現緩解",0
張家豪,1,37,3,134,76,20,89,99,36.2,,0,3,A0403,4,95,0,58,0,0,"神經系統-眩暈/頭暈-(3)姿勢性,無其他神經學症狀-主訴今天開始頭暈",0
謝凡遠,1,46,3,122,75,19,91,98,36,,0,3,A0314,3,90,0,47,0,0,腸胃系統-腹痛-(3)急性中樞中度疼痛(4-7)剛剛開始腹痛,0
徐心傑,0,24,4,123,88,18,74,98,36,,0,3,A0404,4,99,0,35,0,0,昨天晚上開始頭痛、頭暈、腹瀉、嘔吐故入。頭痛-(4)急性中樞輕度疼痛(＜4),0
游豪天,0,29,3,135,73,20,125,95,38,,0,3,A1315,13,93,0,62,0,0,一般和其他-發燒/畏寒-(3)發燒(看起來有病容)在診所驗B流,0
潘致彥,0,30,3,134,77,20,70,99,36.1,,0,3,A0410,4,96,0,57,0,0,"神經系統-眩暈/頭暈-(3)姿勢性,無其他神經學症狀吐昨天有腹瀉多次",0
蕭語天,0,30,3,123,70,18,116,97,38.6,Ward,0,2,A1302,13,87,0,53,0,0,病人表今天開始左耳右腰疼痛且發燒故入一般和其他-發燒/畏寒-(3)血壓或心跳有異於病人之平常數值，但血行動力穩定,0
曾豪宏,0,21,3,98,53,20,67,99,35.6,,0,3,A0301,3,68,0,45,0,0,腹痛-(3)急性中樞中度疼痛(4-7)今天開始下腹痛,0
劉安涵,0,61,4,119,73,18,107,94,37.2,,0,3,A0501,5,88,0,46,0,0,昨天不慎腰閃到，現右腰背疼痛故入。藥物過敏：無。過去病史：甲狀腺 S/P。(4)急性中樞輕度疼痛(＜4),0
許華德,0,48,3,169,102,17,100,100,36.9,Ward,0,2,A0610,6,124,0,67,0,0,泌尿系統(3)自覺尿液顏色變深,0
游明,0,48,3,165,90,20,96,100,36.4,,0,3,A0403,4,115,0,75,0,0,頭暈多日，今晚開始脖子緊，家中血壓170/90,0
何巧平,0,48,4,140,71,18,112,99,35.7,,0,3,A0607,6,94,0,69,0,0,泌尿道感染相關症狀（頻尿、解尿疼痛）-(4)急性周邊中度疼痛(4-7)，血尿，尿尿會痛。,0
謝彥,0,25,3,134,81,20,86,96,37,,0,3,A0307,3,98,0,53,0,0,"腸胃系統-噁心/嘔吐(4)間歇性的噁心/嘔吐或已緩解主訴早上腹瀉兩次未就醫,剛剛兩點多開始嘔吐",0
吳凡語,1,46,3,116,68,18,92,97,37.1,,0,3,A0610,6,84,0,48,0,0,泌尿系統-腰痛-(3)急性中樞中度疼痛(4-7)左腰痛3個禮拜(病史:NIL),0
江德,1,46,2,130,97,20,113,98,35.8,,0,3,A0202,2,108,0,33,1,1,胸痛/胸悶-(2)疑似心因性胸痛/胸悶 凌晨從本院出院早上約5點多開始感到胸悶胸痛不識故入,0
沈心天,1,46,3,116,65,20,92,96,37.2,,0,3,A0309,3,82,0,51,0,0,噁心/嘔吐*假如病人有凝血異常問題且有咖啡色嘔吐物的情形，請選擇A0309吐血-(3)急性持續性嘔吐 病人晚上12點腹痛，開始嘔吐，嘔吐3-4次，無腹瀉,0
陳華安,1,47,3,118,73,18,95,95,36.3,,0,3,A0202,2,88,0,45,0,0,胸痛/胸悶-(3)急性中樞中度疼痛(4-7)，頭暈、想吐，胸悶。,0
許涵彥,1,47,4,118,95,20,86,98,36.5,,0,3,A0714,7,102,0,23,0,0,"耳鼻喉系統-上呼吸道感染相關症狀（鼻塞、流鼻水、咳嗽、喉嚨痛）-(4)急性周邊中度疼痛(4-7)主訴今天從上海返國,四天前即出現感冒症狀未就醫",0
莊遠,1,47,3,136,91,20,130,98,36.6,,0,3,A0301,3,106,0,45,0,0,表今晚喝酒後覺得腹痛且灼熱感故入腸胃系統-腹痛-(3)血壓或心跳有異於病人之平常數值，但血行動力穩定,0
簡瑋晴,1,47,3,125,95,20,86,99,36.2,,0,3,A0301,3,105,0,30,0,0,表上腹痛想吐故入腸胃系統-腹痛-(3)血壓或心跳有異於病人之平常數值，但血行動力穩定,0
吳志修,1,71,3,146,70,20,70,99,36.4,,0,3,A0403,4,95,0,76,0,0,神經系統-眩暈.嘔吐,0
李致涵,1,76,3,139,79,20,63,96,36.3,,0,3,A0301,3,99,0,60,0,0,腸胃系統-腹痛-(3)急性中樞中度疼痛(4-7) 半小時前開始上腹脹痛、噁心,0
劉致冠,1,68,2,122,56,20,72,99,36.2,,0,3,A1315,13,78,0,66,1,1,一般和其他-高血糖-(2)>324mg/dl，伴隨任一症狀(呼吸困難、脫水、虛弱)-主訴全身虛弱，在家血糖:500MG/DL，檢傷血糖:>600MG/DL;自述DM HX,0
施涵傑,1,68,2,121,66,20,107,98,37,,0,3,A1303,13,84,0,55,1,1,表早上開始血糖500多入，F/S show high一般和其他-高血糖-(2)>324mg/dl，伴隨任一症狀(呼吸困難、脫水、虛弱),0
許嘉豪,1,68,3,112,54,18,60,97,36.7,,0,3,A1303,13,73,0,58,0,0,高血糖-(3)＞324mg/dl，無症狀，剛剛量血糖518，頭暈。,0
彭心安,1,68,3,93,54,20,60,97,35.7,Ward,0,2,A0403,4,67,0,39,0,0,"眩暈/頭暈-(3)血壓或心跳有異於病人之平常數值，但血行動力穩定  頭暈不適血糖高故入,早上才從急診離開",0
徐天冠,1,65,3,134,85,19,65,97,35.6,,0,3,A0410,4,101,0,49,0,0,"神經系統-眩暈/頭暈-(3)姿勢性,無其他神經學症狀-頭暈昨晚起，由門診轉入疑似CVA",0
周品修,0,71,3,192,74,20,64,97,36.7,,0,3,A0404,4,113,0,118,0,0,門診量血壓186/73，因沒有心臟科故入急診，現感胸口緊緊，害怕感覺，高血壓急症*SBP=收縮壓DBP=舒張壓-(3)SBP200-220mmHg或DBP110-130mmHg，伴隨任一症狀(呼吸短促、胸痛、頭痛、噁心嘔吐、眩暈),0
高平偉,0,63,3,143,84,20,106,99,36.4,,0,3,A0504,5,103,0,59,0,0,骨骼系統-背痛-(3)急性中樞中度疼痛(4-7)-頸部疼痛2天,0
劉柔安,0,65,3,140,104,18,104,99,36.5,,0,3,A0307,3,116,0,36,0,0,"腸胃系統-噁心/嘔吐*(3)急性持續性嘔吐,咳嗽一兩星期,昨天始咳到吐兩三次,喉嚨痛",0
施晴怡,0,65,3,164,98,20,92,98,36.2,,0,3,A0307,3,120,0,66,0,0,腸胃系統-噁心/嘔吐-(3)急性持續性嘔吐-主訴昨天開始嘔吐、自述2天未解便；DM、腎臟病、高血脂,0
蔡嘉怡,0,54,2,160,100,20,98,96,36.9,,0,3,A0210,2,120,0,60,1,1,心臟血管系統-胸痛/胸悶-自述凌晨3點有胸口痛醒情形，傍晚六點開始右出現持續胸痛情形伴隨呼吸喘,0
謝凡,1,22,3,125,86,19,107,99,37.5,,0,3,A0410,4,99,0,39,0,0,神經系統-頭痛-(3)急性中樞中度疼痛(4-7),0
郭語巧,1,22,3,141,89,18,84,98,37.2,,0,3,A1302,13,106,0,52,0,0,一般和其他-發燒/畏寒-(3)發燒(看起來有病容) 表示輕微咳嗽三天 頭暈頭痛全身痛,0
林安冠,0,56,3,152,113,20,88,98,36,,0,3,A0904,9,126,0,39,0,0,左臉腫、頭痛局部紅腫-(3)急性周邊重度疼痛(8-10),0
徐豪遠,1,41,3,113,80,22,124,96,37.1,Ward,0,2,A0503,5,91,0,33,0,0,左腳抽筋疼痛，患者肝癌在本院就診血液腫瘤科,0
林瑋,1,55,3,112,84,20,98,97,35.5,,0,3,A0403,4,93,0,28,0,0,"最近感冒不舒服耳鼻喉科門診看診,突然頭暈盜汗暈眩,顧由門診醫護人員協助推床入急診眩暈/頭暈-(3)姿勢性,無其他神經學症狀",0
高天修,0,27,3,144,99,18,118,99,38.1,,0,3,A0301,3,114,0,45,0,0,三天前開始左上腹痛。腹痛-(3)急性中樞中度疼痛(4-7),0
蕭修,0,28,3,119,87,20,102,100,37.3,,0,3,A0202,2,97,0,32,0,0,胸痛/胸悶-(3)急性中樞中度疼痛(4-7) 昨天晚上開始胸痛，自覺呼吸不順,0
張平天,0,78,3,167,87,20,64,98,36.3,,0,3,A1315,13,113,0,80,0,0,一般和其他-呼吸系統-心臟血管系統-胸痛/胸悶-(3)急性中樞中度疼痛(4-7),0
簡家傑,1,57,4,122,78,20,90,99,36.5,,0,3,A0107,1,92,0,44,0,0,呼吸系統-呼吸短促-(4)無呼吸窘迫徵象，覺得講話會喘,0
朱巧語,1,43,3,112,71,18,60,99,36.8,,0,3,A0403,4,84,0,41,0,0,"眩暈/頭暈-(3)姿勢性,無其他神經學症狀,睡醒後眩暈,腹瀉一次",0
施瑋天,0,63,3,146,81,18,52,98,35.8,,0,3,A0403,4,102,0,65,0,0,"眩暈/頭暈-(3)姿勢性,無其他神經學症狀，頭暈想吐，天旋地轉。",0
施偉平,0,32,3,136,94,17,91,99,37.1,,0,3,A0314,3,108,0,42,0,0,上腹痛2天、腹瀉。腸胃系統-腹痛-(3)急性中樞中度疼痛(4-7),0
施平安,1,28,4,117,72,19,77,99,35.9,,0,3,A0810,8,87,0,45,0,0,眼科-眼眶腫脹-(5)眼眶輕微腫脹，生命徵象正常，無發燒，無疼痛不適-雙眼癢今天起，早上有服用感冒藥,0
蕭哲平,1,52,3,149,108,20,82,99,35.7,,0,3,A1302,13,121,0,41,0,0,發燒/畏寒-(3)血壓或心跳有異於病人之平常數值，但血行動力穩定昨天開始發燒9/8有腹瀉故入,0
吳天嘉,0,27,3,98,64,20,102,98,37.5,,0,3,A0304,3,75,0,34,0,0,噁心/嘔吐(3)血壓或心跳有異於病人之平常數值，但血行動力穩定，今天開始噁心想吐，腹瀉2次，發冷。,0
江安德,1,55,2,100,62,19,82,99,36.7,,0,3,A0210,2,74,0,38,1,1,心臟血管系統-暈厥-暈倒前表示頭漲.胸悶,0
施明雅,0,31,4,129,75,20,64,100,36.8,,0,3,A1305,13,93,0,54,0,0,"局部紅腫-(4)局部性蜂窩組織炎/紅腫 早上開始右腳踝紅腫,有至門診求治但因無感染科門診,由復健科門診轉診至急診",0
游致巧,0,50,2,147,87,28,122,91,37,,0,3,A0107,1,107,1,60,0,1,吃蝦過敏、呼吸喘呼吸系統-過敏反應-(2)中度呼吸窘迫(＜92%),0
鍾涵心,0,51,4,138,71,18,70,97,35.6,Ward,0,2,A0101,1,93,0,67,0,0,"呼吸短促-(4)氣喘且PEFR為＞60%的預期值(輕度),病人氣喘發作一個小時前,在家中使用兩次擴張劑仍覺不適故入",0
施哲,0,51,3,124,76,20,92,98,37.2,,0,3,A0403,4,92,0,48,0,0,"眩暈/頭暈-(3)姿勢性,無其他神經學症狀，頭暈冒冷汗，嘔吐",0
莊遠語,0,68,4,162,94,16,67,99,36,,0,3,A0404,4,116,0,68,0,0,神經系統-頭痛-(4)急性中樞輕度疼痛(＜4)，頭痛,0
彭安華,1,69,2,168,101,20,75,72,36.2,ICU,1,1,A0210,2,123,1,67,0,1,心臟血管系統-胸痛/胸悶-自述胸悶約凌晨３點始　有自行服用ＮＴＧ舌下錠一顆　現覺胸口不適,0
高修語,1,89,3,112,58,20,99,93,36.2,,0,3,A0403,4,76,0,54,0,0,眩暈/頭暈-(3)血壓或心跳有異於病人之平常數值，但血行動力穩定 昨天開始頭暈不適故入,0
余平雅,0,86,3,119,61,17,64,92,36.3,,0,3,A0206,2,80,0,58,0,0,早上在日照中心突然昏倒 冒冷汗(3),0
謝德修,1,66,3,138,93,20,100,100,35.3,Ward,0,2,A0310,3,108,0,45,0,0,"血便/黑便-(3)中量血便/黑便 昨天開始中量解黑便,今早腹痛故入",0
彭平涵,1,67,3,145,95,17,83,100,36.8,,0,3,A0301,3,111,0,50,0,0,腸胃系統-上腹痛3天(3)急性中樞中度疼痛(4-7),0
潘修,1,67,3,139,88,22,102,99,36.7,,0,3,A0101,1,105,0,51,0,0,呼吸系統-呼吸短促-(3)氣喘且PEFR為40-60%的預期值(中度) 主訴昨天開始呼吸喘，至診所就醫建議轉急診,0
蕭哲遠,1,26,3,134,92,20,75,99,36.5,,0,3,A0602,6,106,0,42,0,0,泌尿系統-血尿-(3)急性周邊重度疼痛(8-10)禮拜五做完體外碎石 現腹痛腰痛且解尿有血,0
余德彥,0,68,3,136,71,20,70,98,36.3,,0,3,A0601,6,92,0,65,0,0,腰痛-(3)血壓或心跳有異於病人之平常數值，但血行動力穩定，昨天開始左腰痛，上腹痛，痛到吐。,0
廖巧平,0,73,4,141,90,20,90,98,36.7,,0,3,A0903,9,107,0,51,0,0,紅疹-(4)局部性紅疹(過敏反應）昨天晚上開始全身起紅疹,0
高致華,0,53,3,127,89,18,116,98,36.8,,0,3,A0304,3,101,0,38,0,0,"腸胃系統-腹痛-腹瀉-(3)輕度脫水,中午過後腹瀉多次,上腹痛",0
黃家冠,1,59,2,168,107,25,95,96,38.9,Ward,0,2,A0101,1,127,0,61,1,1,呼吸短促-(2)發燒(免疫功能缺陷) 呼吸喘發燒約兩到三小時故入 TOCC: 太太前兩天有發燒,0
余冠修,0,66,3,132,63,18,75,97,36.5,,0,3,A0911,9,86,0,69,0,0,病人表今晚開始全身癢故入皮膚系統-搔癢-紅疹-(3)血壓或心跳有異於病人之平常數值，但血行動力穩定,0
蕭語,0,71,3,100,65,20,96,97,39.1,Ward,0,2,A1315,13,76,0,35,0,0,一般和其他-發燒/畏寒-(3)發燒(看起來有病容)咳嗽時胸口痛，感冒一周,0
施平語,0,71,3,162,72,20,73,97,37.4,,0,3,A0714,7,102,0,90,0,0,耳鼻喉系統-上呼吸道感染相關症狀(3)急性周邊重度疼痛(8-10)主訴喉嚨痛、左肋骨、背痛(自述上星期三已服用完克流感),0
葉冠遠,0,66,3,118,74,18,78,96,35.8,Ward,0,2,A0301,3,88,0,44,0,0,119送入病人自訴上腹痛19:00。腸胃系統-腹痛-(3)急性中樞中度疼痛(4-7),0
廖德凡,0,68,5,134,68,20,92,99,36.9,,0,3,A1309,13,90,0,66,0,0,尿管脫落漏尿，欲重新放置,0
蕭語豪,1,46,3,139,97,22,65,99,35.7,,0,3,A0610,6,111,0,42,0,0,泌尿系統-腰痛-(3)急性中樞中度疼痛(4-7)晚上八點半開始右腰痛，血尿,0
黃千怡,0,46,3,124,94,18,92,99,36.5,,0,3,A0410,4,104,0,30,0,0,昨天晚上頭痛、頭暈、嘔心感今加劇故入。神經系統-頭痛-(3)急性中樞中度疼痛(4-7),0
張怡平,0,69,3,111,54,18,96,99,37.3,,0,3,A0501,5,73,0,57,0,0,骨骼系統-背痛-(3)急性中樞中度疼痛(4-7) 腰痛厲害 (過敏史:無;病史:帕金森氏症),0
徐平彥,1,67,3,108,64,20,65,97,36,,0,3,A0107,1,78,0,44,0,0,呼吸系統-呼吸短促-(4)無呼吸窘迫徵象-自覺喘不過氣早上起,0
何豪修,0,78,3,189,80,18,73,98,36.3,,0,3,A0410,4,116,0,109,0,0,"頭暈、血壓高今天早上始。神經系統-眩暈/頭暈-(3)姿勢性,無其他神經學症狀",0
高語凡,0,78,3,195,84,20,63,98,36.7,,0,3,A0210,2,121,0,111,0,0,心臟血管系統-胸痛/胸悶-(3)血壓或心跳有異於病人之平常數值，但血行動力穩定 覺得心悸 胸悶 頭暈,0
施哲偉,0,72,3,149,82,22,86,99,37.1,,0,3,A0410,4,104,0,67,0,0,剛剛睡覺到一半約1420左右左手、頭麻麻、頭暈、左胸不適，最近約10天大便不順，手腳麻不適。神經系統-眩暈/頭暈-(3)血壓或心跳有異於病人之平常數值，但血行動力穩定,0
劉涵平,0,73,3,130,65,20,91,97,37.1,,0,3,A0202,2,86,0,65,0,0,表晚上開始胸悶入心臟血管系統-胸痛/胸悶-(3)血壓或心跳有異於病人之平常數值，但血行動力穩定,0
郭天凡,0,56,3,145,75,20,112,99,36.6,,0,3,A0601,6,98,0,70,0,0,泌尿系統-腰痛-自述星期六開始出現右腰疼痛情形故入,0
蕭修遠,1,54,4,113,68,20,87,99,36.8,,0,3,A0314,3,83,0,45,0,0,腸胃系統-噁心/嘔吐-(4)間歇性的噁心/嘔吐或已緩解-主訴星期三做完化療後開始噁心想吐；病患本身有口腔癌HX：NG 9/26-10/25 16FR SLICON,0
張豪哲,0,88,2,122,84,22,125,91,36.4,ICU,1,1,A0101,1,96,1,38,0,1,假數代訴意識改變喘。(2)中度呼吸窘迫(＜92%),0
周涵巧,0,56,3,125,65,18,61,99,35.2,,0,3,A0403,4,85,0,60,0,0,"眩暈/頭暈-(3)姿勢性,無其他神經學症狀，中午12點開始頭暈想吐。",0
朱巧怡,0,67,4,140,105,20,86,97,36.6,,0,3,A0103,1,116,0,35,0,0,咳嗽四五天有至診所求治都無改善故入咳嗽-(4)急性咳嗽，生命徵象正常,0
蕭明安,1,51,1,60,36,25,142,90,35,Ward,0,2,A0314,3,44,1,24,0,1,腸胃系統-血便/黑便-(1)休克,0
劉嘉哲,0,38,3,160,98,20,71,99,36.6,,0,3,A0314,3,118,0,62,0,0,晚上9點起胃痛、噁心、全身發冷，腸胃系統-腹痛-(3)急性中樞中度疼痛(4-7),0
莊遠平,0,39,3,158,95,18,90,99,37.3,,0,3,A0602,6,116,0,63,0,0,"泌尿系統-血尿-腰痛-泌尿道感染相關症狀（頻尿、解尿疼痛）中午此頻尿解尿痛血尿,診所求治未改善",0
林天豪,1,72,3,134,64,20,75,95,36.8,,0,3,A0203,2,87,0,70,0,0,"心悸/不規則心跳-(3)急性、突發性、持續性之心悸 早上去診所表示全身有灼熱感,表示醫師聽診心跳很快建議適急診求治",0
胡涵晴,0,37,4,106,72,18,89,97,37.2,,0,3,A0707,7,83,0,34,0,0,咳嗽-(4)急性咳嗽，生命徵象正常，病人主訴6/12開始咳訴，流鼻水，鼻塞，喉嚨痛。,0
沈晴天,1,90,4,188,84,17,73,98,36.8,,0,3,A0208,2,118,0,104,0,0,心臟血管系統-肢體水腫-(4)雙下肢水腫約3天，家屬代訴尿量有減少,0
潘遠,1,56,4,168,82,20,85,99,35.7,Ward,0,2,A0103,1,110,0,86,0,0,咳嗽-(4)急性咳嗽，生命徵象正常，咳了一周，咳得睡不著。,0
葉遠語,1,57,3,194,76,18,120,98,35.6,,0,3,A0902,9,115,0,118,0,0,全身癢半個月。搔癢-(3)急性周邊重度疼痛(8-10),0
簡修涵,1,57,3,173,64,18,75,98,36.2,Ward,0,2,A0602,6,100,0,109,0,0,泌尿系統-血尿-(3)急性周邊重度疼痛(8-10) 中午開始 血尿,0
周平,1,62,3,174,80,20,113,96,38.7,,0,3,A1302,13,111,0,94,0,0,一般和其他-發燒/畏寒-(3)發燒(看起來有病容) 今天開始發燒、畏寒,0
廖語冠,1,71,3,127,81,18,116,96,37.9,Ward,0,2,A0601,6,96,0,46,0,0,"腸胃系統-腹痛-(3)急性中樞中度疼痛(4-7),腰痛",0
張致雅,1,72,2,165,91,18,83,98,36,,0,3,A0314,3,115,0,74,1,1,"腸胃系統-血便/黑便-(2)大量血便/黑便,禮拜六開始解血便(病史:高血壓,糖尿病,BPH s/p,雙腳膝關節置換,痔瘡)",0
李晴語,0,75,3,186,96,20,78,99,37.2,,0,3,A0310,3,126,0,90,0,0,腸胃系統-今天開始解血便/(3)中量血便,0
吳千怡,0,64,3,100,60,22,92,99,37.5,,0,3,A1315,13,73,0,40,0,0,一般和其他-發燒/畏寒-(3)血壓或心跳有異於病人之平常數值，但血行動力穩定,0
徐天凡,0,64,2,88,32,25,73,100,37.5,Ward,0,2,A0403,4,50,1,56,0,1,眩暈/頭暈-(2)血行動力循環不足,0
高涵平,0,65,3,194,74,19,78,100,36.5,,0,3,A0410,4,114,0,120,0,0,肢體無力-神經系統-(3)血壓或心跳有異於病人之平常數值，但血行動力穩定 剛剛開始全身無力 發抖,0
許平安,0,65,3,127,62,18,72,99,38.9,,0,3,A0206,2,83,0,65,0,0,"心臟血管系統-暈厥-(3)有先兆症狀或突然姿勢改變之暈厥 表示陪看診,突然暈倒  (過敏史:無;病史:高血壓)",0
余致安,0,65,3,106,58,20,63,99,36.9,,0,3,A0403,4,74,0,48,0,0,"眩暈/頭暈-(3)姿勢性,無其他神經學症狀 病人表示剛剛在按摩，突然頭暈，現感雙手麻",0
許語凡,0,67,3,137,67,19,82,95,36.7,,0,3,A0904,9,90,0,70,0,0,皮膚系統-局部紅腫-(3)急性周邊重度疼痛(8-10)左手開刀縫線傷口水泡破掉流血 紅腫疼痛,0
朱語平,0,56,4,103,51,18,99,98,37.1,,0,3,A1315,13,68,0,52,0,0,發燒2天，伴有咳嗽、流鼻水，今早起床發現左側下牌後方牙齦腫脹故入。一般和其他-發燒/畏寒-(4)發燒(看起來無病容),0
何華平,1,86,3,136,57,20,77,98,36.7,,0,3,A0404,4,83,0,79,0,0,呼吸系統-咳嗽-(4)急性咳嗽，生命徵象正常-咳嗽、流鼻水、頭痛、腹瀉數天,0
余千晴,1,86,3,124,67,17,62,98,35.5,Ward,0,2,A1305,13,86,0,57,0,0,心臟血管系統-全身虛弱/無力-(3)朱培倫醫師轉診，懷疑DVT，雙下肢嚴重水腫，腎功能差,0
高巧凡,1,86,4,161,65,18,62,97,35.8,Ward,0,2,A1315,13,97,0,96,0,0,"一般和其他-醫療裝置問題-(4)醫療裝置問題(無其他症狀或窘迫徵象)，生命徵象正常，無發燒，無疼痛不適,自拔尿管",0
周華修,1,86,3,101,48,20,55,98,35.9,,0,3,A0608,6,65,0,53,0,0,少尿-(3)血壓或心跳有異於病人之平常數值，但血行動力穩定，家屬代訴昨天尿管拔除後解不出來。,0
郭凡遠,1,86,3,136,50,21,57,96,37.6,Ward,0,2,A1315,13,78,0,86,0,0,一般和其他-發燒/畏寒-(3)發燒(看起來有病容),0
郭雅天,1,86,4,168,60,19,54,99,36.6,Ward,0,2,A1315,13,96,0,108,0,0,一般和其他-醫療裝置問題-(4)醫療裝置問題(無其他症狀或窘迫徵象)，生命徵象正常，無發燒，無疼痛不適 尿管有白色東西塞住 無其他不適症狀,0
游致華,1,87,3,147,69,18,54,94,36.6,,0,3,A0602,6,95,0,78,0,0,3/18換尿管後解血尿故入。藥物過敏：無。過去病史：[CAD][ESRD][CKD]。泌尿系統-血尿-(3)血壓或心跳有異於病人之平常數值，但血行動力穩定,0
吳修雅,1,87,3,191,81,20,76,99,37.2,,0,3,A0205,2,117,0,110,0,0,心臟血管系統-全身虛弱/無力-(3)急性虛弱 /無法走動-家屬代訴病患最近在家不斷呻吟，想帶至醫院詳檢查；家屬表示病患有失智、HTN、心臟病、腎臟病HX  外帶FOLEY 16FR 3/18-4/17,0
廖凡哲,0,68,3,151,74,19,75,97,36.1,,0,3,A0504,5,99,0,77,0,0,骨骼系統-背痛-(3)急性中樞中度疼痛(4-7)-下背疼痛1周，有骨科門診求治未改善,0
郭千雅,0,55,4,159,87,18,72,99,37.2,,0,3,A0607,6,111,0,72,0,0,泌尿系統-泌尿道感染相關症狀（頻尿、解尿疼痛）-(4)急性周邊中度疼痛(4-7) 主訴晚上8點開始頻尿、解尿痛、血尿,0
廖平豪,1,77,4,146,93,20,81,97,36.7,,0,3,A0714,7,110,0,53,0,0,昨天下午流鼻水、鼻塞、頭暈耳鼻喉系統-上呼吸道感染相關症狀（鼻塞、流鼻水、咳嗽、喉嚨痛）-(4)急性周邊中度疼痛(4-7),0
葉語涵,1,78,3,162,84,22,91,99,36.3,,0,3,A0101,1,110,0,78,0,0,呼吸系統-呼吸短促-(3)輕度呼吸窘迫(92-94%) 呼吸喘2-3天，看過診所，無改善,0
許巧晴,1,78,3,157,98,20,89,97,36.6,Ward,0,2,A0101,1,117,0,59,0,0,呼吸系統-呼吸短促-主訴昨天開始呼吸喘.凌晨有到本院就醫返家後仍無改善,0
朱華天,0,86,1,103,54,18,93,95,38.6,Ward,0,2,A1302,13,70,0,49,1,1,發燒/畏寒-(1)無意識(GCS3-8)，家屬說發燒，有痰，在家會喘。,0
蕭語涵,0,87,1,157,75,24,120,88,38.2,Ward,0,2,A1302,13,102,1,82,0,1,一般和其他-發燒/畏寒-(1)重度呼吸窘迫(＜90%)一小時前開始咳嗽、發燒、呼吸喘，,0
黃凡安,0,87,3,135,74,12,78,95,37,,0,3,A1302,13,94,0,61,0,0,發燒/畏寒-(3)發燒(看起來有病容) 中午12點開始發燒,0
沈巧晴,0,71,3,121,82,20,71,99,36.9,,0,3,A0410,4,95,0,39,0,0,神經系統-眩暈/頭暈-(3)姿勢性-主訴頭暈持續兩星期；DM HX,0
張安修,0,71,2,148,105,20,99,97,36.7,,0,3,A0403,4,119,0,43,1,1,眩暈/頭暈-(2)血行動力循環不足，在家量血壓低頭暈後跌倒，後腦L/W,0
周巧涵,0,28,3,99,74,22,73,99,37.9,,0,3,A0202,2,82,0,25,0,0,主訴下午四點開始胸痛，吸不到氣。(3)急性中樞中度疼痛(4-7),0
施冠語,0,28,3,115,79,19,66,99,36.9,,0,3,A0210,2,91,0,36,0,0,心臟血管系統-心悸/不規則心跳-(3)急性、突發性、持續性之心悸這幾天感冒現胸口悶不適,0
張凡天,0,29,3,108,62,20,72,100,38.2,,0,3,A1302,13,77,0,46,0,0,"發燒/畏寒-(3)發燒(看起來有病容),主訴前天開始腹痛腹瀉一次,嘔吐發燒未就醫",0
朱涵平,0,67,3,144,87,21,85,99,36.4,,0,3,A0107,1,106,0,57,0,0,呼吸系統-咳嗽-(4)急性咳嗽，生命徵象正常-咳嗽2周，咳到胸痛，發燒1周，有在本院門診求治未改善，有服用抗生素，現解尿有灼熱感,0
施遠平,1,48,3,125,88,18,68,98,36,,0,3,A0314,3,100,0,37,0,0,腸胃系統-腹痛-(3)急性中樞中度疼痛(4-7)表示凌晨開始腹痛腹瀉一次(過敏史:無;病史:甲亢),0
張巧安,1,44,3,122,74,18,89,99,36.6,,0,3,A0314,3,90,0,48,0,0,腸胃系統-腹痛-(3)急性中樞中度疼痛(4-7)-腹痛及腹瀉1次晚上起,0
周千語,0,68,3,138,74,20,80,97,36.6,,0,3,A0103,1,95,0,64,0,0,咳嗽-(4)急性咳嗽，生命徵象正常  昨天開始有咳嗽且難發出聲音有痰故入,0
周凡平,0,61,2,184,103,23,105,98,36.3,,0,3,A0210,2,130,0,81,1,1,心臟血管系統-胸痛/胸悶-(2)急性撕裂性疼痛；主訴胸痛，痛到流淚冒冷汗,0
郭晴雅,0,62,3,140,88,18,84,99,37.2,,0,3,A0309,3,105,0,52,0,0,今早開始上吐下瀉。噁心/嘔吐*假如病人有凝血異常問題且有咖啡色嘔吐物的情形，請選擇A0309吐血-(3)急性持續性嘔吐,0
郭巧安,0,53,3,114,84,19,78,99,35.7,,0,3,A0610,6,94,0,30,0,0,泌尿系統-泌尿道感染相關症狀（頻尿、解尿疼痛）-(4)急性周邊中度疼痛(4-7)-解尿疼痛今天起,0
黃巧凡,0,53,4,120,82,18,73,99,36,,0,3,A0610,6,94,0,38,0,0,泌尿系統-泌尿道感染相關症狀（頻尿、解尿疼痛）-(4)急性周邊中度疼痛(4-7)(病史:疝氣手術左邊),0
朱豪遠,1,24,3,117,81,20,66,100,36.4,,0,3,A0301,3,93,0,36,0,0,半夜一點開始左下腹痛、左腰痠,0
黃凡平,0,39,3,103,64,18,88,97,36.7,,0,3,A0504,5,77,0,39,0,0,左後背痛4天。骨骼系統-背痛-(3)急性中樞中度疼痛(4-7),0
謝遠語,0,40,3,113,58,18,80,99,37,,0,3,A0404,4,76,0,55,0,0,心臟血管系統-胸痛/胸悶(3)急性中樞中度疼痛(4-7)神經系統-頭痛-(3)急性中樞中度疼痛(4-7)-前2天開始不舒服，頭痛痛到左肩及後背,0
簡晴天,0,61,3,140,87,16,99,96,35.7,,0,3,A0314,3,104,0,53,0,0,腸胃系統-噁心(3)全身虛弱無力，吐了三次,0
蕭凡晴,1,81,3,123,70,20,75,98,36.2,,0,3,A0101,1,87,0,53,0,0,呼吸系統-覺得呼吸喘,0
徐巧語,1,66,3,126,72,19,86,99,36,,0,3,A0210,2,90,0,54,0,0,心臟血管系統-胸痛/胸悶-(3)急性中樞中度疼痛(4-7)-胸痛下午起，有自行服用NTG1顆,0
胡華安,1,66,3,150,72,20,78,97,36.5,,0,3,A0204,2,98,0,78,0,0,病人表血壓高且頭暈故入心臟血管系統-高血壓急症*SBP=收縮壓DBP=舒張壓-(3)SBP200-220mmHg或DBP110-130mmHg，伴隨任一症狀(呼吸短促、胸痛、頭痛、噁心嘔吐、眩暈),0
潘凡天,1,25,3,131,86,20,62,99,35.6,,0,3,A0314,3,101,0,45,0,0,腸胃系統-腹痛-(3)急性中樞中度疼痛(4-7)-腹痛晚上起,0
周語涵,1,66,3,155,99,18,95,97,36.8,,0,3,A0210,2,117,0,56,0,0,心臟血管系統-胸痛/胸悶-(3)急性周邊重度疼痛(8-10)-肋膜性/胸壁-主訴胸痛2天；心臟病HX,0
徐凡平,1,66,3,150,103,20,82,97,36,,0,3,A0210,2,118,0,47,0,0,心臟血管系統-心悸/不規則心跳-(3)急性、突發性、持續性之心悸-中午開始自覺心跳快,0
蕭遠語,1,66,3,128,90,19,97,96,36.1,,0,3,A0314,3,102,0,38,0,0,腸胃系統-便秘-(3)急性中樞中度疼痛(4-7)昨天至門診因為便秘現仍解不出有嘔吐的情形,0
周安華,0,42,3,111,62,18,85,97,36.5,,0,3,A0301,3,78,0,49,0,0,腹痛-(3)急性中樞中度疼痛(4-7)，左上腹痛，然後拉肚子拉完後吐。,0
周安語,1,60,3,131,91,18,89,96,35.9,,0,3,A0301,3,104,0,40,0,0,今早開始自覺胃食道逆流，最近有服用類固醇。腹痛-(3)急性中樞中度疼痛(4-7),0
郭凡平,1,60,3,120,83,20,99,96,36,,0,3,A0314,3,95,0,37,0,0,昨天有去喜酒，今早起腹瀉5次、腹部絞痛、全身無力故入。腸胃系統-腹瀉-(3)輕度脫水,0
張語天,1,60,3,160,112,18,93,97,36.1,,0,3,A0314,3,128,0,48,0,0,腸胃系統-血便/黑便-(3)中量血便/黑便 表示禮拜三痔瘡開到後解血便  (過敏史:無;病史:心臟支架X1),0
彭天凡,1,61,3,125,79,20,91,98,36.8,,0,3,A0310,3,94,0,46,0,0,血便/黑便-(3)中量血便/黑便 病人2/20痔瘡開刀，今天解血便4次,0
胡凡晴,0,63,3,125,90,20,72,99,36.5,Ward,0,2,A0704,7,101,0,35,0,0,胸腔科程味兒醫師轉入，頭痛2週、畏光、雙耳耳鳴、頭暈、鼻子緊故入神經系統-頭痛-(3)急性中樞中度疼痛(4-7)(pupil side R/2.5MM+ L/2.5MM+),0
周千晴,0,64,3,134,83,20,73,99,36.4,,0,3,A0408,4,100,0,51,0,0,神經系統-肢體無力-(3)急性中樞中度疼痛(4-7) 病人表示雙下肢無力、脖子痛，噁心想吐2-3天，今天噁心嘔吐情形加劇,0
葉凡天,1,56,3,103,58,20,77,95,37.1,Ward,0,2,A1314,13,73,0,45,0,0,手術後併發症-(3)血壓或心跳有異於病人之平常數值，但血行動力穩定 6/22做心導管，7/3出院，現右側鼠蹊部傷口有化膿之情形,0
施凡晴,1,39,3,122,87,20,97,99,36.2,,0,3,A0504,5,98,0,35,0,0,骨骼系統-下肢疼痛-關節腫脹-下肢疼痛-(3)急性周邊重度疼痛(8-10)這星期一左腳開痛風石現腫脹痛疑似痛風發作,0
蕭天凡,1,78,4,143,69,20,83,98,36.7,,0,3,A0503,5,93,0,74,0,0,"神經系統-骨骼系統-下肢疼痛-(4)急性周邊中度疼痛(4-7)病患表示近幾日有服用腎臟科用藥,剛剛開始有雙下肢抽筋情形",0
胡晴天,1,85,3,178,95,20,67,99,36.1,,0,3,A0303,3,122,0,83,0,0,心臟血管系統-胸痛/胸悶-自述有長期胸痛在疼痛科追蹤，這兩天有便秘及食慾下降，現仍胸痛不適,0
黃凡晴,1,85,3,186,103,18,75,98,36.1,,0,3,A0301,3,130,0,83,0,0,"腹痛-(3)急性中樞中度疼痛(4-7),上腹痛,左腹痛,3日未解便,噁心想吐,有回診腸胃科,腸胃科表示無法處理請病人至急診檢查",0
葉安語,1,35,3,162,115,18,107,95,36.4,,0,3,A0301,3,130,0,47,0,0,腹痛-(3)急性中樞中度疼痛(4-7)，2100開始肚子痛、拉肚子。,0
周凡晴,1,57,3,131,79,20,75,97,36.5,,0,3,A0610,6,96,0,52,0,0,泌尿系統-腰痛-(3)急性中樞中度疼痛(4-7)今天小便不順，想解解不出來，腰痛,0
張天凡,1,58,4,97,62,18,83,97,35.7,,0,3,A0606,6,73,0,35,0,0,尿滯留-(4)急性中樞輕度疼痛(＜4)，下午開始尿不出來。,0
郭語凡,1,36,3,122,88,18,80,98,35.9,,0,3,A0210,2,99,0,34,0,0,心臟血管系統-胸痛/胸悶-(3)急性中樞中度疼痛(4-7)表示今天開始感胸悶,0
周天凡,1,37,4,135,78,20,62,97,36.5,,0,3,A0904,9,97,0,57,0,0,局部紅腫-(4)局部性蜂窩組織炎/紅腫 左腳踝被蚊子咬，晚上發現紅腫範圍擴大,0
葉千晴,1,41,3,105,78,22,111,96,38,Ward,0,2,A1315,13,87,0,27,0,0,一般和其他-發燒/畏寒-(3)發燒(看起來有病容)診所轉入，咳嗽兩週，今天發燒,0
郭晴天,0,46,3,100,70,17,84,97,36.7,,0,3,A0404,4,80,0,30,0,0,神經系統-頭痛-(3)早上開始頭痛(右側),0
張凡晴,1,71,4,123,73,16,76,98,36,,0,3,A0707,7,89,0,50,0,0,耳鼻喉系統-喉嚨痛-(4)今天開始喉嚨痛(右側)，主訴吞口水會疼痛,0
黃天凡,1,58,3,137,72,23,72,99,36.6,Ward,0,2,A0101,1,93,0,65,0,0,"呼吸短促-(3)輕度呼吸窘迫(92-94%) 自訴喘不適數天未就醫,。",0
郭凡晴,1,50,3,132,99,20,80,97,36.2,,0,3,A0202,2,110,0,33,0,0,胸痛/胸悶-(3)急性中樞中度疼痛(4-7)  昨天開始感到前胸疼痛及後背緊故入,0
周晴天,1,59,3,163,77,18,108,95,36.9,,0,3,A0601,6,105,0,86,0,0,腰痛-(3)急性中樞中度疼痛(4-7)，右腰痛一周。,0
葉凡晴,0,58,4,146,91,19,95,99,37,,0,3,A0903,9,109,0,55,0,0,紅疹-搔癢-紅疹-(4)局部性紅疹(過敏反應） 服藥後現全身起疹子及搔癢不適。,0
張晴天,0,58,3,106,64,18,102,97,36,,0,3,A0911,9,78,0,42,0,0,皮膚系統-紅疹-(3)廣泛性紅疹 主訴服用止痛藥後起紅疹，自述對BRUFEN過敏,0
劉一,0,59,4,119,78,18,84,96,36.5,,0,3,A0904,9,91,0,41,0,0,局部紅腫-(4)局部性蜂窩組織炎/紅腫，左腳踝紅腫、痛。,0
劉二,0,24,3,103,70,20,89,98,36.2,,0,3,A0314,3,81,0,33,0,0,腸胃系統-腹痛-腹瀉-(3)輕度脫水今晚餐後腹瀉2次,0
劉三,1,22,3,121,68,20,86,96,35.3,,0,3,A0301,3,85,0,53,0,0,腹痛-(3)急性中樞中度疼痛(4-7) 剛剛突然右上腹疼痛故入,0
劉四,1,77,3,130,59,20,109,97,36.8,,0,3,A0103,1,82,0,71,0,0,"咳嗽-(3)血壓或心跳有異於病人之平常數值，但血行動力穩定,咳嗽2個禮拜,有至家醫科就診,現未改善故入",0
劉五,0,65,3,153,90,18,80,99,36,,0,3,A0314,3,111,0,63,0,0,腸胃系統-腹痛-(3)血壓或心跳有異於病人之平常數值，但血行動力穩定 下午開始腹痛,0
劉六,1,76,3,200,98,17,65,98,36.1,,0,3,A0204,2,132,0,102,0,0,心臟血管系統-高血壓急症*SBP=收縮壓DBP=舒張壓-(3)SBP200-220mmHg或DBP110-130mmHg，伴隨任一症狀(呼吸短促、胸痛、頭痛、噁心嘔吐、眩暈),0
劉七,0,29,3,143,108,20,83,99,36.8,Ward,0,2,A0314,3,119,0,35,0,0,腹瀉、噁心一星期，上星期五就診，未改善腸胃系統-腹瀉-(3)輕度脫水(,0
劉八,0,29,2,150,101,25,83,98,36,,0,3,A1315,13,117,0,49,1,1,一般和其他-醫療裝置問題-(2)血行動力循環不足，今天早上至本院做氣球擴張術，左手現在麻木腫脹,0
劉九,0,29,3,117,89,18,86,99,36.6,Ward,0,2,A0309,3,98,0,28,0,0,腹脹、噁心想吐，星期五腎內檢查腎功能指數偏高，預計今日收住院開始安排洗腎。。噁心/嘔吐*假如病人有凝血異常問題且有咖啡色嘔吐物的情形，請選擇A0309吐血-(3)血壓或心跳有異於病人之平常數值，但血行動力穩定,0
劉十,0,29,3,147,103,18,93,97,37.2,Ward,0,2,A1313,13,117,0,44,0,0,腎功能指數異常，腎內轉入，有發燒、陰道處搔癢，建議照會GYN。檢驗/檢查結果異常-(3)血壓或心跳有異於病人之平常數值，但血行動力穩定,0
陳一,0,30,3,131,98,20,110,100,36.7,,0,3,A0310,3,109,0,33,0,0,今早起解血便3-4次(少量)，腹痛故入。血便/黑便-(3)血壓或心跳有異於病人之平常數值，但血行動力穩定,0
陳二,0,30,2,113,88,22,87,100,35.1,,0,3,A1315,13,96,0,25,1,1,病人由洗腎室入，洗腎室護理人員表示病人洗腎洗到一半血壓低且心跳慢故入一般和其他-(2)血行動力循環不足,0
陳三,0,48,4,151,81,18,82,99,36.5,,0,3,A0904,9,104,0,70,0,0,"局部紅腫-(4)急性周邊中度疼痛(4-7),病人早上睡醒,臉部過敏眼睛周圍腫故入",0
陳四,1,39,3,126,89,18,72,99,36.5,,0,3,A0202,2,101,0,37,0,0,"胸痛/胸悶-(3)急性中樞中度疼痛(4-7)前天喝酒,凌晨3點胃灼熱感,胸悶,雙肩緊繃故入",0
陳五,1,54,4,130,82,17,76,97,36.1,,0,3,A0714,7,98,0,48,0,0,耳鼻喉系統-牙齒/牙齦問題-(4)急性周邊中度疼痛(4-7),0
陳六,1,54,4,137,80,18,82,100,36.1,,0,3,A0902,9,99,0,57,0,0,皮膚癢一週。搔癢-(4)急性周邊中度疼痛(4-7),0
陳七,0,64,3,183,103,20,87,94,36.8,,0,3,A0403,4,129,0,80,0,0,眩暈/頭暈-(3)血壓或心跳有異於病人之平常數值，但血行動力穩定 病人昨天開始頭暈，今天早上頭暈加劇，天旋地轉，嘔吐3次,0
陳八,0,76,3,148,90,16,77,98,36.4,,0,3,A0204,2,109,0,58,0,0,自述今天血壓高；HTN DM HX,0
陳九,1,64,3,138,111,20,84,99,36,,0,3,A1309,13,120,0,27,0,0,一般和其他-醫療裝置問題-(3)急性中樞中度疼痛(4-7)-自述5/17在本院因脊椎腫瘤楊博智手術，現下背部腫及疼痛,0
陳十,0,48,3,111,73,20,70,97,36,,0,3,A0610,6,85,0,38,0,0,泌尿系統-血尿-自述有膀胱炎血尿過，昨天晚上出現血尿情形,0
林一,1,56,3,131,80,18,81,99,36.1,,0,3,A0314,3,97,0,51,0,0,"腸胃系統-腹痛-(3)急性中樞中度疼痛(4-7),上腹痛,10天前解一次黑便,3天前一樣腹痛有去新泰醫院,抽血及照X光",0
林二,1,56,3,132,75,18,64,98,36.2,,0,3,A0314,3,94,0,57,0,0,腸胃系統-腹痛-(3)急性中樞中度疼痛(4-7)表示腹痛(過敏史:無;病史:GU.GERD.CAD.H/T),0
林三,0,63,3,144,84,20,74,98,36.2,,0,3,A0202,2,104,0,60,0,0,胸痛/胸悶-(3)急性中樞中度疼痛(4-7),0
林四,1,63,3,143,78,20,79,97,36.8,WARD,0,2,A1315,13,99,0,65,0,0,一般和其他-發燒/畏寒-自述昨天開始出現發燒情形，上星期有至泌尿科門診，醫師表示double J阻塞預計換管，現寒顫,0
林五,1,63,3,129,77,18,90,99,37,Ward,0,2,A1302,13,94,0,52,0,0,"一般和其他-發燒/畏寒-主訴昨晚始發燒寒顫,5點用過退燒藥(3)發燒(看起來有病容)",0
林六,1,39,3,144,103,20,112,97,37.6,,0,3,A0314,3,116,0,41,0,0,腸胃系統-腹痛-(3)急性中樞中度疼痛(4-7) 今天開始下腹痛,0
林七,0,44,3,117,47,22,81,99,35.6,,0,3,A0107,1,70,0,70,0,0,呼吸系統-換氣過度-(3)覺得吸不到氣，頭暈想吐，很疲勞，今天覺得快昏倒站不住,0
林八,0,44,3,113,77,18,88,99,36,,0,3,A0410,4,89,0,36,0,0,"神經系統-眩暈/頭暈-(3)姿勢性,無其他神經學症狀,吃完早餐後頭暈,冒冷汗,胸口不適,自覺呼吸要停,F/S:163MG/DL",0
林九,0,45,3,106,69,20,93,99,36.2,,0,3,A0202,2,81,0,37,0,0,胸痛/胸悶-(3)急性中樞中度疼痛(4-7)現感胸悶，2-3星期有胃食道逆流現象，腹脹一個月,0
林十,0,66,3,127,82,18,97,99,36.6,,0,3,A0314,3,97,0,45,0,0,腸胃系統-腹痛-(3)急性中樞中度疼痛(4-7)-腹痛及右腰疼痛下午起，今有做碎石,0
黃一,0,87,2,139,91,20,119,96,35.9,Ward,0,2,A0210,2,107,0,48,1,1,剛剛下午3點多感覺心悸，胸口悶/痛，喘，上腹部壓著故入。心臟血管系統-胸痛/胸悶-(2)疑似心因性胸痛/胸悶,0
黃二,1,69,3,137,79,20,117,98,37.8,,0,3,A0610,6,98,0,58,0,0,泌尿系統-泌尿道感染相關症狀（頻尿、解尿疼痛）-2-3天(3)急性周邊重度疼痛(8-10),0
黃三,1,69,3,150,80,20,61,99,35.4,Ward,0,2,A0610,6,103,0,70,0,0,泌尿系統-泌尿道感染相關症狀（頻尿、解尿疼痛）-(3)血壓或心跳有異於病人之平常數值，但血行動力穩定表示解尿困難血尿，有至檢驗所檢驗為泌尿道感染,0
黃四,1,87,2,144,87,20,120,98,36.5,Ward,0,2,A1304,13,106,0,57,1,1,一般和其他-低血糖-(2)＜60mg/dl，伴隨任一症狀(混亂、冒汗、虛弱、顫抖)-家屬代訴5點起床時發現病患倒在床邊地上，檢傷血糖:58MG/DL；家屬代訴病患本身有糖尿病、口腔癌、失智HX,0
黃五,1,75,3,147,70,20,70,97,36.3,Ward,0,2,A0410,4,95,0,77,0,0,神經系統-中風症狀(突發性口齒不清/單側肢體感覺異常/突發性視覺異常)-自述早上在家出現血壓高情形，伴隨頭暈、喝水滲漏及走路不穩,0
黃六,0,67,3,115,64,20,101,99,36.2,,0,3,A0301,3,81,0,51,0,0,表今晚開始腹痛且噁心感入腸胃系統-腹痛-(3)血壓或心跳有異於病人之平常數值，但血行動力穩定,0
黃七,0,55,3,115,69,20,74,98,36.1,,0,3,A0314,3,84,0,46,0,0,腸胃系統-腹痛-(3)急性中樞中度疼痛(4-7)今早九點多開始右下腹痛，肛門也會痛,0
黃八,0,56,3,129,65,20,83,95,37.1,,0,3,A0309,3,86,0,64,0,0,今天起嘔吐，腹痛故入。(過敏史:無;病史:鼻咽癌)腸胃系統-噁心/嘔吐*假如病人有凝血異常問題且有咖啡色嘔吐物的情形，請選擇A0309吐血-(3)急性持續性嘔吐,0
黃九,1,21,4,109,55,18,87,97,36.5,,0,3,A0902,9,73,0,54,0,0,"搔癢-(4)急性周邊中度疼痛(4-7)昨天開始臉部過敏,眼睛腫故入",0
黃十,1,36,3,110,79,20,104,98,37.5,,0,3,A0601,6,89,0,31,0,0,(3)急性周邊重度疼痛(8-10)4/6腰椎壓迫神經在本院手術，現仍腰痛不適。,0
張一,1,36,4,123,86,19,101,99,37.3,Ward,0,2,A1315,13,98,0,37,0,0,一般和其他-醫療裝置問題-(4)急性周邊中度疼痛(4-7)-4/6椎間盤突出手術，4/12門診複診因傷口無法癒合有縫兩針，現下背部疼痛,0
張二,0,65,3,194,90,20,89,98,36.9,,0,3,A0204,2,124,0,104,0,0,心臟血管系統-高血壓急症*SBP=收縮壓DBP=舒張壓-(3)SBP200-220mmHg或DBP110-130mmHg，伴隨任一症狀(呼吸短促、胸痛、頭痛、噁心嘔吐、眩暈) 剛在門診血壓量216/116，門診建議先至急診，現感後腦脹、左肩不適、心悸,0
張三,1,82,3,153,76,18,79,99,36.3,,0,3,A0403,4,101,0,77,0,0,"今天晚上六點多開始頭暈，在家血壓量不到。(3)姿勢性,無其他神經學症狀",0
張四,1,82,3,175,120,20,86,99,36.8,,0,3,A0314,3,138,0,55,0,0,腸胃系統-腹痛-(3)急性中樞中度疼痛(4-7)主訴昨晚6點開始腹痛；HTN DM HX、自述對海鮮過敏,0
張五,1,82,3,115,62,20,68,96,36.5,,0,3,A0301,3,79,0,53,0,0,腹痛-(3)急性中樞中度疼痛(4-7)胃痛一個多禮拜。,0
張六,1,84,3,137,84,18,78,100,36.8,,0,3,A0301,3,101,0,53,0,0,腸胃系統-腹痛-(3)急性中樞中度疼痛(4-7)剛始上腹痛,0
張七,0,44,3,124,94,18,73,100,36,,0,3,A0404,4,104,0,30,0,0,"腹痛-(3)急性中樞中度疼痛(4-7)今天早上開始腹痛嘔吐多次,頭痛故入",0
張八,1,70,3,118,78,20,102,99,36.5,,0,3,A0610,6,91,0,40,0,0,泌尿系統-尿滯留-(3)急性中樞中度疼痛(4-7)-解尿解不出來凌晨起,0
張九,0,66,3,129,88,20,86,96,36.1,,0,3,A0107,1,101,0,41,0,0,呼吸系統-呼吸短促-(3)輕度呼吸窘迫(92-94%),0
張十,0,67,1,132,60,26,84,82,36.8,ICU,1,1,A0107,1,84,1,72,0,1,呼吸系統-呼吸短促-(1)重度呼吸窘迫(＜90%)-主訴早上開始呼吸喘；自述有腎臟病、心臟病HX,0
李一,1,51,4,123,82,20,82,99,36.2,,0,3,A0714,7,95,0,41,0,0,耳鼻喉系統-喉嚨痛-(4)急性中樞輕度疼痛(＜4)-主訴喉嚨痛；HTN HX,0
李二,1,56,3,164,97,20,103,96,37.7,,0,3,A1302,13,119,0,67,0,0,表昨天晚上開始全身發熱且痠痛故入一般和其他-發燒/畏寒-(3)血壓或心跳有異於病人之平常數值，但血行動力穩定,0
李三,0,57,4,132,64,18,103,97,37.7,,0,3,A0714,7,86,0,68,0,0,"耳鼻喉系統-上呼吸道感染相關症狀（鼻塞、流鼻水、咳嗽、喉嚨痛）-(4)發燒(看起來無病容),肌肉痠痛,頭痛",0
李四,0,75,3,165,80,20,71,97,35.7,,0,3,A0410,4,108,0,85,0,0,今天一整天頭痛，噁心感，頭暈，手腳較無力，本身有高血壓，今天一整天測血壓都160多故入。神經系統-頭痛-(3)血壓或心跳有異於病人之平常數值，但血行動力穩定,0
李五,0,75,3,128,75,20,102,98,36.5,,0,3,A0210,2,92,0,53,0,0,心臟血管系統-心悸/不規則心跳-(3)急性、突發性、持續性之心悸,0
李六,0,57,3,100,89,20,58,95,36.2,,0,3,A0714,7,92,0,11,0,0,耳鼻喉系統-上呼吸道感染相關症狀（鼻塞、流鼻水、咳嗽、喉嚨痛）-(3)血壓或心跳有異於病人之平常數值，但血行動力穩定 咳嗽一個禮拜,0
李七,0,59,3,105,60,20,96,96,37.1,,0,3,A0202,2,75,0,45,0,0,病人表今天開始胸悶且頭暈故入心臟血管系統-胸痛/胸悶-(3)血壓或心跳有異於病人之平常數值，但血行動力穩定,0
李八,1,66,3,139,92,20,51,99,35.6,Ward,0,2,A0602,6,107,0,47,0,0,今晚開始下腹痛且解血尿入泌尿系統-血尿-(3)血壓或心跳有異於病人之平常數值，但血行動力穩定,0
李九,0,70,3,172,81,20,86,98,36.8,,0,3,A0610,6,111,0,91,0,0,下午四點 腰痛、腹痛、解尿疼痛泌尿系統-腰痛-(3)急性中樞中度疼痛(4-7),0
李十,0,58,4,122,77,18,91,99,37.1,,0,3,A0610,6,92,0,45,0,0,"泌尿系統-泌尿道感染相關症狀（頻尿、解尿疼痛）-(4)急性周邊中度疼痛(4-7),胃痛",0
王一,0,28,3,112,83,15,112,99,37,,0,3,A0410,4,92,0,29,0,0,神經系統-眩暈/頭暈-(3)眩暈/頭暈，四肢痠痛及腰痠，全身不舒服，LMP2/17,0
王二,1,50,3,123,70,23,57,100,36.3,Ward,0,2,A0403,4,87,0,53,0,0,眩暈/頭暈-(3)血壓或心跳有異於病人之平常數值，但血行動力穩定  家量血壓血壓低有頭暈情形故入,0
王三,0,79,3,110,67,18,63,96,36.4,Ward,0,2,A0904,9,81,0,43,0,0,上周六剛因左腳蜂窩性組織炎出院，現左腳疼痛、紅。局部紅腫-(3)廣泛性蜂窩組織炎/紅腫,0
王四,0,70,3,126,59,21,75,96,35.8,,0,3,A0107,1,81,0,67,0,0,呼吸系統-呼吸短促-(3)血壓或心跳有異於病人之平常數值，但血行動力穩定-自覺喘不過氣昨天起,0
王五,0,71,1,67,35,18,66,100,36.3,ICU,1,1,A0205,2,45,1,32,0,1,心臟血管系統-全身虛弱/無力-(1)休克,0
王六,0,71,3,99,48,22,80,99,37.1,,0,3,A0403,4,65,0,51,0,0,"神經系統-眩暈/頭暈-(3)姿勢性,無其他神經學症狀-主訴頭暈、呼吸喘；自述ESRD右手(Q2、4、6)、CVA HX",0
王七,0,71,3,130,60,18,66,99,36.8,,0,3,A0501,5,83,0,70,0,0,"心臟血管系統-骨骼系統-背痛-(3)急性中樞中度疼痛(4-7)腰背痛約一兩週,診所求治未改善",0
王八,0,71,3,107,55,17,81,99,36.7,,0,3,A0404,4,72,0,52,0,0,神經系統-頭痛-(3)急性中樞中度疼痛(4-7)三天前開始佐測頭痛下來到下巴,0
王九,0,68,3,136,71,20,93,95,37.4,,0,3,A0301,3,92,0,65,0,0,腹痛-(3)急性中樞中度疼痛(4-7) 晚上7點多開始腹痛，上吐下瀉,0
王十,1,81,3,114,59,20,98,96,36.2,,0,3,A0606,6,77,0,55,0,0,泌尿系統-尿滯留-自述昨天晚上開始出現無法自行解尿故入,0
吳一,0,91,2,186,82,23,82,94,36.4,ICU,1,1,A0208,2,116,0,104,1,1,心臟血管系統-肢體水腫-(2)中度呼吸窘迫(＜92%),0
吳二,0,63,3,92,58,20,100,98,37.9,,0,3,A1315,13,69,0,34,0,0,一般和其他-發燒/畏寒-(3)發燒(看起來有病容)-發燒今天起,0
吳三,0,63,4,99,60,20,94,98,36.2,,0,3,A1315,13,73,0,39,0,0,蒼白/貧血-(4)蒼白/貧血，生命徵象正常，無發燒，無疼痛不適 洗腎室表示預輸血故入急診,0
吳四,1,42,3,163,105,20,66,99,36.3,,0,3,A0210,2,124,0,58,0,0,心臟血管系統-心悸/不規則心跳-(3)急性、突發性、持續性之心悸4/2開主動脈瓣置換現覺得不適,0
吳五,0,71,3,125,88,20,71,98,35,,0,3,A0501,5,100,0,37,0,0,今天開始後背酸痛。(3)急性中樞中度疼痛(4-7),0
吳六,0,71,4,140,88,18,87,97,36.1,,0,3,A0404,4,105,0,52,0,0,自訴腹脹、解便4次後肛門痛，合併頭痛。腸胃系統-腹痛-(4)急性中樞輕度疼痛(＜4),0
吳七,0,71,3,118,68,18,74,98,36.5,,0,3,A0301,3,84,0,50,0,0,"腹痛-(3)急性中樞中度疼痛(4-7),晚上8點開始腹痛,持續解便少,有口服止痛普拿疼未改善故入,HX:/C/S,APP,ALLERGE:NIL",0
吳八,0,71,5,134,86,20,82,98,36.5,,0,3,A1311,13,102,0,48,0,0,要求開藥-(5)要求開藥，生命徵象正常，無發燒，無疼痛不適，背痛預計下個月開刀，雙腳痛，要求打止痛,0
吳九,0,71,3,146,99,20,81,98,35.7,,0,3,A0403,4,114,0,47,0,0,"眩暈/頭暈-(3)姿勢性,無其他神經學症狀  頭暈不適,吹冷氣會冷故入",0
吳十,0,71,3,140,111,20,75,99,36.4,,0,3,A0314,3,120,0,29,0,0,腸胃系統-腹痛-自述早上開始出現上腹痛情形,0
蔡一,0,71,3,169,98,18,66,99,35.6,,0,3,A0410,4,121,0,71,0,0,"神經系統-眩暈/頭暈-(3)姿勢性,無其他神經學症狀 表示頭暈血壓高有點喘  (過敏史:無;病史:無)",0
蔡二,1,43,4,119,86,18,96,96,35.5,,0,3,A0103,1,97,0,33,0,0,咳嗽-(4)急性咳嗽，生命徵象正常，昨天開始咳嗽，咳得不能睡。,0
蔡三,1,70,3,109,78,20,86,98,36.9,,0,3,A0205,2,88,0,31,0,0,3/1開始有手術膀胱內視鏡後全身不舒服，雙手抖。(3)急性中樞中度疼痛(4-7),0
蔡四,0,61,3,139,99,20,105,98,37.6,,0,3,A1302,13,112,0,40,0,0,腹脹發燒/畏寒-(3)發燒(看起來有病容)全身痠痛，頭痛，早上在家使用過退燒藥,0
蔡五,0,33,3,117,85,20,124,99,38.1,,0,3,A1302,13,95,0,32,0,0,三天前開始有感冒症狀，肚子悶痛，有至診所就醫未改善故入。發燒/畏寒-(3)血壓或心跳有異於病人之平常數值，但血行動力穩定,0
蔡六,0,46,3,139,96,20,79,98,36.7,,0,3,A0408,4,110,0,43,0,0,"主訴頭暈肢體無力。(3)姿勢性,無其他神經學症狀",0
蔡七,1,75,2,138,76,20,69,97,36.2,,0,3,A0202,2,96,0,62,1,1,胸痛/胸悶-(2)疑似心因性胸痛/胸悶 早上開始感到胸悶胸痛故入,0
蔡八,1,76,3,190,89,20,88,97,36.7,,0,3,A0403,4,122,0,101,0,0,"神經系統-眩暈/頭暈-(3)姿勢性,無其他神經學症狀-主訴半小時前開始頭暈，自述進幾天睡眠不足；自述心臟病、HTN、DM HX",0
蔡九,0,55,3,177,85,18,94,95,36.8,,0,3,A0301,3,115,0,92,0,0,"腸胃系統-腹痛-主訴腹痛一周,診所求治未改善,剛有嘔吐一次",0
蔡十,1,59,3,166,76,18,90,98,36.3,,0,3,A0202,2,106,0,90,0,0,病人表今天下午開始胸悶感覺快暈倒故入心臟血管系統-胸痛/胸悶-(3)血壓或心跳有異於病人之平常數值，但血行動力穩定,0
楊一,0,23,3,134,81,18,93,97,36,,0,3,A0314,3,98,0,53,0,0,"腸胃系統-腹痛-(3)急性中樞中度疼痛(4-7)肚臍上痛,拉3次",0
楊二,1,77,3,148,86,20,70,98,35.6,Ward,0,2,A0314,3,106,0,62,0,0,腸胃系統-腹痛-(3)急性中樞中度疼痛(4-7)-腹痛、嘔吐一次下午起,0
楊三,1,78,3,162,92,18,89,94,35.6,,0,3,A0202,2,115,0,70,0,0,胸痛/胸悶-(3)急性中樞中度疼痛(4-7)，剛剛覺得胸悶、胃燒燒，躺下去更嚴重。,0
楊四,1,78,3,134,73,18,98,96,36.8,,0,3,A0304,3,93,0,61,0,0,昨晚始腹瀉。腹瀉-(3)輕度脫水,0
楊五,1,33,4,133,93,20,93,99,35.7,,0,3,A0905,9,106,0,40,0,0,皮膚系統-腫塊、長繭等-(4)急性周邊中度疼痛(4-7)左腳小指縫搔癢，自覺左腳盤腫脹,0
楊六,0,88,2,160,80,24,85,91,38.5,Ward,0,2,A1302,13,106,1,80,0,1,表今晚開始呼吸喘、發燒且全身無力故入一般和其他-發燒/畏寒-(2)發燒(免疫功能缺陷),0
楊七,0,47,3,151,70,20,98,99,36.9,,0,3,A0310,3,97,0,81,0,0,胃痛解黑便且昨日有昏倒情形故入血便/黑便-(3)中量血便/黑便,0
楊八,0,48,3,113,68,20,86,98,37,,0,3,A0301,3,83,0,45,0,0,上腹痛，吐兩次。(3)急性中樞中度疼痛(4-7),0
楊九,0,48,3,104,65,20,84,99,37.2,,0,3,A0301,3,78,0,39,0,0,上腹痛。(3)急性中樞中度疼痛(4-7),0
楊十,0,48,4,108,50,20,86,99,36.8,,0,3,A1203,12,69,0,58,0,0,"物質誤用-藥物過量攝取-(4)已知低危險性物質＞4小時，生命徵象正常，無發燒，無疼痛不適表示昨天與他人爭執後心情不好服用20顆PANADOL,現嘔吐不適入",0
許一,0,74,3,194,88,20,76,97,36.2,,0,3,A0403,4,123,0,106,0,0,眩暈/頭暈-(3)血壓或心跳有異於病人之平常數值，但血行動力穩定 血壓高兩三天且有頭暈不適情形故入,0
許二,0,74,3,186,81,20,80,98,36.5,,0,3,A0403,4,116,0,105,0,0,神經系統-眩暈/頭暈-(3)血壓或心跳有異於病人之平常數值，但血行動力穩定-病患主訴剛從急診離院 現仍表頭暈不適,0
許三,1,56,3,165,87,18,78,96,35.5,,0,3,A0403,4,113,0,78,0,0,神經系統-眩暈/頭暈-(3)病患主訴剛剛開始頭暈,0
許四,0,85,3,177,90,20,102,96,37.8,,0,3,A0404,4,119,0,87,0,0,神經系統-頭痛-(3)急性中樞中度疼痛(4-7) 7/30跌倒無就醫，今天開始頭痛頭暈，脖子不能轉，現外帶頸圈，左膝痛,0
許五,1,77,3,150,94,19,79,98,36.7,Ward,0,2,A0410,4,112,0,56,0,0,神經系統-眩暈/頭暈-(3)血壓或心跳有異於病人之平常數值，但血行動力穩定 下午開始頭暈想吐,0
許六,1,23,3,111,78,20,107,99,36.5,Ward,0,2,A0301,3,89,0,33,0,0,門診轉入疑似闌尾炎。腹痛-(3)急性中樞中度疼痛(4-7),0
許七,1,23,3,144,89,18,87,98,35.9,,0,3,A0301,3,107,0,55,0,0,心臟血管系統-胸痛/胸悶-(3)急性中樞中度疼痛(4-7)表示上腹痛延伸至背後,0
許八,1,23,3,97,71,18,75,97,36.2,,0,3,A0314,3,79,0,26,0,0,"腸胃系統-腹痛-(3)急性中樞中度疼痛(4-7),胃痛痛到左肋骨",0
許九,1,49,4,126,91,20,63,99,35.9,,0,3,A0601,6,102,0,35,0,0,中午開始左腰疼痛腰痛(4)急性中樞輕度疼痛(＜4),0
許十,1,73,3,125,57,22,88,95,36.9,,0,3,A0101,1,79,0,68,0,0,呼吸系統-呼吸短促-家屬述在家呼吸喘三天，現伴隨咳嗽及呼吸音重,0
鄭一,1,73,3,150,86,20,99,99,36.6,,0,3,A0810,8,107,0,64,0,0,物質誤用-一般和其他-化學物質暴露眼睛-主訴剛剛被甲苯噴到右眼,0
鄭二,1,23,3,169,104,20,129,98,38.3,,0,3,A1302,13,125,0,65,0,0,發燒/畏寒-(3)發燒(看起來有病容)全身痠痛頭痛,0
鄭三,1,23,3,145,94,18,138,98,39.1,,0,3,A0304,3,111,0,51,0,0,"腹痛-(3)急性中樞中度疼痛(4-7)凌晨一點開始腹痛,噁心,腹瀉三次,現發燒畏寒故入",0
鄭四,0,47,3,121,68,22,111,98,37.2,,0,3,A1315,13,85,0,53,0,0,一般和其他-發燒/畏寒-自述感冒兩天，今天出現全身不適及咳痰半有血絲，現胸口悶痛,0
鄭五,1,69,4,120,65,18,108,97,36.7,,0,3,A0904,9,83,0,55,0,0,局部紅腫-(4)局部性蜂窩組織炎/紅腫，今天中興醫院出院，右手漏針腫。,0
鄭六,1,48,3,160,100,20,59,97,36.1,,0,3,A0301,3,120,0,60,0,0,病人表已1點開始右下腹及右腰痠痛，且感覺頻尿入腸胃系統-腹痛-(3)血壓或心跳有異於病人之平常數值，但血行動力穩定,0
鄭七,1,67,3,171,100,20,113,100,37.6,,0,3,A1315,13,123,0,71,0,0,畏寒1小時前始。一般和其他-發燒/畏寒-(3)血壓或心跳有異於病人之平常數值，但血行動力穩定,0
鄭八,0,48,4,109,66,18,82,98,36.5,,0,3,A0902,9,80,0,43,0,0,"搔癢-(4)急性周邊中度疼痛(4-7)前天吃貝類料理,昨天開始全身癢,未改善故入(Allerge:oxacilin.Hx:C/S)",0
鄭九,1,69,3,145,94,18,125,98,36.4,,0,3,A0610,6,111,0,51,0,0,解尿不出來，最後一次解尿為中午12點多，本身有膀胱造廔(9/11到期)，但不通故入。泌尿系統-尿滯留-(3)血壓或心跳有異於病人之平常數值，但血行動力穩定,0
鄭十,1,69,3,133,71,20,88,97,36.7,Ward,0,2,A0714,7,91,0,62,0,0,發燒、咳嗽咳痰，克流感已服用完5天。上呼吸道感染相關症狀（鼻塞、流鼻水、咳嗽、喉嚨痛）-(3)血壓或心跳有異於病人之平常數值，但血行動力穩定,0
謝一,1,70,3,129,63,18,109,97,37.5,Ward,0,2,A0501,5,85,0,66,0,0,病人表腰痛已2個多月，有至本院就診本月16號剛出院，今仍腰痛且雙下肢體水腫4+故入骨骼系統-背痛-(3)血壓或心跳有異於病人之平常數值，但血行動力穩定,0
謝二,0,38,3,115,85,18,89,100,36,Ward,0,2,A0410,4,95,0,30,0,0,神經系統-頭痛-(3)急性中樞中度疼痛(4-7)主訴頭痛不適；BRAIN TUMER HX,0
謝三,0,38,3,130,87,18,86,96,36.4,,0,3,A0404,4,101,0,43,0,0,頭痛-(3)急性中樞中度疼痛(4-7)，早上頭痛痛醒，後一直想吐。,0
謝四,0,38,3,155,107,18,69,99,35.9,Ward,0,2,A0404,4,123,0,48,0,0,昨天開始頭痛、嘔吐。頭痛-(3)急性中樞中度疼痛(4-7),0
謝五,1,67,4,129,74,19,87,99,36.7,,0,3,A0610,6,92,0,55,0,0,泌尿系統泌尿道感染相關症狀（頻尿、解尿疼痛）-(4)急性周邊中度疼痛(4-7)-解尿疼痛及灼熱感2-3天,0
謝六,1,68,3,133,68,18,65,99,35.7,,0,3,A0210,2,89,0,65,0,0,心臟血管系統-心悸/不規則心跳-(3)急性、突發性、持續性之心悸,0
謝七,1,69,3,122,65,20,62,99,36.1,,0,3,A0904,9,84,0,57,0,0,"局部紅腫-(3)(3)廣泛性蜂窩組織炎/紅腫  禮拜二不慎跌倒致右小腿有外傷,有自行塗藥蛋現有潮紅情形故入",0
謝八,0,60,3,120,56,19,88,98,37.4,,0,3,A1302,13,77,0,64,0,0,一般和其他-發燒/畏寒-(3)發燒(看起來有病容) 昨天開始發燒 頭痛 四肢痠痛  去過LMD 下午吃過藥,0
謝九,0,60,3,183,79,20,93,96,37.2,Ward,0,2,A0208,2,113,0,104,0,0,心臟血管系統-肢體水腫-(3)血壓或心跳有異於病人之平常數值，但血行動力穩定-主訴呼吸喘、雙下肢水腫1個月；DM、心臟病HX,0
謝十,0,60,2,72,35,17,68,96,36.8,ICU,1,1,A0404,4,47,1,37,0,1,"過去病史: DM, HTN, asthma, schizophrenia 神經系統-頭痛-(2)血行動力循環不足 去康復之家表示頭痛頭暈血壓低建議入",0
郭一,0,70,2,106,65,20,75,96,36.2,,0,3,A0202,2,78,0,41,1,1,"大約早上11點時感到胸悶,四肢發麻心跳塊胸痛/胸悶-(2)疑似心因性胸痛/胸悶",0
郭二,0,53,3,126,85,22,68,100,36.8,,0,3,A0210,2,98,0,41,0,0,心臟血管系統-全身虛弱/無力-主訴全身無力；HTN、心律不整HX、自述有在服用抗凝血劑,0
郭三,1,42,4,132,91,20,86,97,36.4,,0,3,A0601,6,104,0,41,0,0,腰痛-(4)急性中樞輕度疼痛(＜4) 禮拜六開始左腰疼痛不適故入,0
郭四,1,42,3,131,72,20,101,99,38.6,,0,3,A1315,13,91,0,59,0,0,一般和其他-發燒/畏寒-(3)發燒(看起來有病容)-發燒、咳嗽、全身痠痛、頭痛昨天起,0
郭五,1,43,3,157,99,20,78,99,36.7,,0,3,A0602,6,118,0,58,0,0,表今天下午開始血尿入泌尿系統-血尿-(3)血壓或心跳有異於病人之平常數值，但血行動力穩定,0
郭六,1,43,3,130,84,18,83,99,36.4,,0,3,A0601,6,99,0,46,0,0,腰痛-(3)急性中樞中度疼痛(4-7)，0940做完碎石後現在左腰痛。,0
郭七,1,43,3,133,95,20,78,99,36.7,,0,3,A0601,6,107,0,38,0,0,泌尿系統-腰痛-(3)急性中樞中度疼痛(4-7)禮拜一有做過碎石術 現左腰及左下腹疼痛,0
郭八,1,73,3,145,82,19,67,98,36.3,,0,3,A0314,3,103,0,63,0,0,腸胃系統-腹痛-(3)急性中樞中度疼痛(4-7)胃脹痛,0
郭九,1,73,3,131,62,20,56,98,36.3,,0,3,A0301,3,85,0,69,0,0,腹痛-(3)急性中樞中度疼痛(4-7)昨天晚上開始腹脹腹痛故入,0
郭十,0,67,3,127,74,20,110,97,38.3,,0,3,A0301,3,91,0,53,0,0,腸胃系統-腹痛-(3)急性中樞中度疼痛(4-7) 今天早上開始上腹痛及腹瀉,0
洪一,1,59,3,167,96,22,57,99,35.8,,0,3,A0610,6,119,0,71,0,0,泌尿系統-腰痛-(3)急性中樞中度疼痛(4-7)右腰痛,0
洪二,1,59,3,161,101,18,70,98,36.4,,0,3,A0610,6,121,0,60,0,0,泌尿系統-腰痛-(3)急性中樞中度疼痛(4-7)表示右腰痛(過敏史:無;病史:無),0
洪三,1,60,3,183,90,20,82,97,36,,0,3,A0301,3,121,0,93,0,0,腹痛-(3)急性中樞中度疼痛(4-7) 今天早上6點開始下腹痛，無嘔吐、腹瀉，小便有不適,0
洪四,0,40,3,107,74,20,118,98,36.7,Ward,0,2,A0314,3,85,0,33,0,0,前天始噁心嘔吐，全身無力、發燒，本院門診就診未改善腸胃系統-噁心/嘔吐*(3)急性持續性嘔吐,0
洪五,0,40,3,136,91,18,101,99,39.3,Ward,0,2,A0314,3,106,0,45,0,0,腸胃系統-腹痛-(3)急性中樞中度疼痛(4-7) 主訴左腹痛，發燒，主訴上星期四開膽結石手術,0
洪六,1,65,3,113,77,22,86,97,36.9,,0,3,A0301,3,89,0,36,0,0,表今天中午開始腹脹且上吐下瀉故入腸胃系統-腹痛-(3)血壓或心跳有異於病人之平常數值，但血行動力穩定,0
洪七,1,53,3,125,80,20,94,99,35.6,,0,3,A0210,2,95,0,45,0,0,心臟血管系統-全身虛弱/無力-(3)急性虛弱 /無法走動-全身無力3天,0
洪八,0,43,3,117,83,18,81,98,36.5,,0,3,A0314,3,94,0,34,0,0,"表示胃痛.延伸至胸口,有咳嗽情形(過敏始:磺胺類;病史:GERD;LMP:11/27)腸胃系統-腹痛-(3)急性中樞中度疼痛(4-7)",0
洪九,0,43,3,110,64,20,85,98,35.9,,0,3,A0714,7,79,0,46,0,0,耳鼻喉系統-上呼吸道感染相關症狀（鼻塞、流鼻水、咳嗽、喉嚨痛）-(3)急性周邊重度疼痛(8-10)全身無力,0
洪十,0,44,3,112,74,18,88,97,36.3,,0,3,A0301,3,86,0,38,0,0,腹痛-(3)急性中樞中度疼痛(4-7)，肚子痛、想吐。,0
曾一,0,21,5,121,85,20,83,99,35.7,,0,3,A0304,3,97,0,36,0,0,心跳快一週，腹瀉兩天，今天12點服用心臟科藥物後現仍不適心臟血管系統-胸痛/胸悶-,0
曾二,0,22,3,109,70,20,83,99,36.4,,0,3,A0610,6,83,0,39,0,0,"泌尿系統-腰痛-(3)急性中樞中度疼痛(4-7)主訴下午開始有左腰部疼痛,輕微腹瀉",0
曾三,0,33,3,117,79,20,89,98,36.6,,0,3,A0404,4,91,0,38,0,0,昨晚六點開始腹痛(不規律)、腹脹、頭痛、咳嗽一個禮拜 AP31周腸胃系統-腹痛-(3)急性中樞中度疼痛(,0
曾四,0,33,3,110,68,17,74,98,36.4,,0,3,A0404,4,82,0,42,0,0,神經系統-頭痛-(3)下午開始頭痛、嘔吐10幾次，現哺乳中,0
曾五,1,28,3,147,96,20,97,99,37,,0,3,A0301,3,113,0,51,0,0,腹痛-(3)急性中樞中度疼痛(4-7) 這幾天有檢查淋病，今天搬重物時突然腹痛、噁心、乾嘔,0
曾六,1,43,4,146,89,20,68,100,36.2,,0,3,A0503,5,108,0,57,0,0,骨骼系統-下肢疼痛-(4)急性周邊中度疼痛(4-7)-主訴右腳膝蓋疼痛2星期,0
曾七,1,90,3,144,70,18,54,98,36.5,,0,3,A0301,3,94,0,74,0,0,一個禮拜前開始腹肚悶痛、想吐，有至家醫科就醫未改善故入。腹痛-(3)急性中樞中度疼痛(4-7),0
曾八,0,68,3,148,76,18,70,97,35.6,,0,3,A0410,4,100,0,72,0,0,"剛剛開始頭暈、噁心故入。神經系統-眩暈/頭暈-(3)姿勢性,無其他神經學症狀",0
曾九,0,72,3,121,78,18,63,99,36.3,,0,3,A0309,3,92,0,43,0,0,兩個禮拜腹瀉多次，現嘔吐一個禮拜、食慾不佳、頭暈。噁心/嘔吐*假如病人有凝血異常問題且有咖啡色嘔吐物的情形，請選擇A0309吐血-(3)血壓或心跳有異於病人之平常數值，但血行動力穩定,0
曾十,0,72,3,153,84,20,61,99,36,,0,3,A0314,3,107,0,69,0,0,腸胃系統-噁心/嘔吐*假如病人有凝血異常問題且有咖啡色嘔吐物的情形，請選擇A0309吐血-(4)間歇性的噁心/嘔吐或已緩解-嘔吐今天起,0
廖一,0,72,3,127,63,20,72,98,36,,0,3,A0314,3,84,0,64,0,0,腸胃系統-腹痛-(3)急性中樞中度疼痛(4-7)-主訴今天開始腹痛,0
廖二,0,72,3,121,88,18,91,96,37.6,Ward,0,2,A0205,2,99,0,33,0,0,樂生轉入，疑似甲狀腺腫瘤。全身虛弱/無力-(3)急性虛弱 /無法走動,0
廖三,0,72,3,124,71,23,103,100,36.7,,0,3,A0107,1,88,0,53,0,0,呼吸系統-咳嗽-(3)血壓或心跳有異於病人之平常數值，但血行動力穩定，胸口有點悶悶的，10/24本院做淋巴癌的化療,0
廖四,0,72,3,104,78,18,84,94,37,,0,3,A0904,9,86,0,26,0,0,右頸腫痛。局部紅腫-(3)血壓或心跳有異於病人之平常數值，但血行動力穩定,0
廖五,0,73,1,163,138,28,126,98,36.5,Ward,0,2,A0101,1,146,1,25,0,1,"呼吸短促-(1)重度呼吸窘迫(＜90%)呼吸喘,血腫門診轉入,表示SPO2 :65%,全身無力",0
廖六,0,53,2,127,93,20,69,99,37.1,,0,3,A0210,2,104,0,34,1,1,心臟血管系統-胸痛/胸悶-(2)疑似心因性胸痛/胸悶，下午開始喘，自覺的心跳偏快,0
廖七,0,53,3,147,86,20,79,98,37.2,,0,3,A0307,3,106,0,61,0,0,噁心/嘔吐(3)急性持續性嘔吐，晚上七點多吞毛豆後自覺胸口卡東西，喝水後吐,0
廖八,1,65,3,159,84,18,70,97,36.4,,0,3,A0301,3,109,0,75,0,0,腸胃系統-腹痛-(3)急性中樞中度疼痛(4-7)早上開始左下腹痛 無拉無吐,0
廖九,1,65,3,170,95,20,82,98,36.8,,0,3,A0601,6,120,0,75,0,0,泌尿系統-腰痛-(3)急性中樞中度疼痛(4-7)-主訴解尿困難、左腰痛；自述HTN、左側腎結石hx,0
廖十,1,77,5,128,79,18,81,99,36.6,,0,3,A1104,11,95,0,49,0,0,失眠-(5)慢性失眠，失眠很久。,0
賴一,0,70,3,134,82,18,71,99,37,,0,3,A1302,13,99,0,52,0,0,"一般和其他-發燒/畏寒-(3)發燒(看起來有病容)昨晚始發燒頭暈,腹痛想吐",0
賴二,0,77,3,189,100,24,109,98,37.7,,0,3,A0101,1,129,0,89,0,0,表咳嗽、呼吸喘兩個禮拜故入呼吸系統-呼吸短促-(3)血壓或心跳有異於病人之平常數值，但血行動力穩定,0
賴三,0,77,3,131,62,20,112,96,36.3,,0,3,A0202,2,85,0,69,0,0,胸痛/胸悶-(3)急性中樞中度疼痛(4-7) 胸悶三星期，現感頭暈,0
賴四,1,29,3,126,83,20,105,98,39.6,,0,3,A1302,13,97,0,43,0,0,一般和其他-發燒/畏寒-(3)發燒(看起來有病容),0
賴五,0,50,3,128,76,19,71,98,36.6,,0,3,A0210,2,93,0,52,0,0,心臟血管系統-胸痛/胸悶-(3)急性中樞中度疼痛(4-7),0
賴六,0,50,4,153,94,18,73,99,36,,0,3,A0610,6,113,0,59,0,0,"泌尿系統-泌尿道感染相關症狀（頻尿、解尿疼痛）-(4)急性周邊中度疼痛(4-7)頻尿血尿,解尿疼痛(過敏史:Nil;病史:GERD.HTN.STONE.C肝)",0
賴七,0,50,3,153,76,18,75,97,36.9,,0,3,A0301,3,101,0,77,0,0,"腸胃系統-腹痛-(3)急性中樞中度疼痛(4-7) 右腹痛 (過敏史:無;病史:高血壓.類風溼性關節炎.C4-C5,C5-C6 S/P)",0
賴八,0,50,3,153,82,20,75,99,36.2,,0,3,A0301,3,105,0,71,0,0,腸胃系統-腹痛-(3)急性中樞中度疼痛(4-7)-主訴4/10在本院做過ESWL，今天開始右腹痛、自述HTN、HCV、類風溼性關節炎HX,0
賴九,0,51,3,108,67,20,74,99,36.3,,0,3,A0403,4,80,0,41,0,0,"神經系統-眩暈/頭暈-(3)姿勢性,無其他神經學症狀 頭暈、胸悶痛約10天，全身發熱",0
賴十,0,77,4,179,119,18,69,99,36.7,,0,3,A0210,2,139,0,60,0,0,"心臟血管系統-暈厥-(4)暈厥症狀已緩解，生命徵象正常，無發燒，無疼痛不適,最近要排大腸鏡,昨天中午開始吃太少,有吃瀉藥,F/S:76(病史:精神官能症)",0
徐一,0,78,3,149,86,18,74,99,37,,0,3,A0410,4,107,0,63,0,0,"頭暈無力跌倒撞到頭，右後腦杓血腫、挫傷入，傷口痛。EMT F/S:128。神經系統-眩暈/頭暈-(3)姿勢性,無其他神經學症狀。",0
徐二,0,43,3,137,59,18,103,100,36.5,,0,3,A0404,4,85,0,78,0,0,病人表頭暈，頭痛已多日故入神經系統-眩暈/頭暈-(3)血壓或心跳有異於病人之平常數值，但血行動力穩定頭痛-(3)血壓或心跳有異於病人之平常數值，但血行動力穩定,0
徐三,0,44,3,121,75,20,82,99,36.2,,0,3,A0301,3,90,0,46,0,0,腸胃系統-腹痛-(3)急性中樞中度疼痛(4-7)-主訴今天開始腹痛、上吐下瀉,0
徐四,1,71,3,169,101,20,60,98,36.2,,0,3,A0403,4,123,0,68,0,0,"神經系統-眩暈/頭暈-(3)姿勢性,無其他神經學症狀-主訴頭暈；巴金森氏症HX",0
徐五,0,66,3,182,90,20,93,98,37.1,Ward,0,2,A0403,4,120,0,92,0,0,早上起嘔吐2次，右側感覺濕濕的，頭暈，便秘5天故入。神經系統-眩暈/頭暈-(3)血壓或心跳有異於病人之平常數值，但血行動力穩定,0
徐六,0,47,3,191,100,20,69,98,36.3,,0,3,A0602,6,130,0,91,0,0,腰痛-(3)急性中樞中度疼痛(4-7)今天開始解血尿，頻尿，右下腹疼痛,0
徐七,0,61,3,112,67,18,119,97,37.9,Ward,0,2,A0610,6,82,0,45,0,0,"泌尿系統-腰痛-(3)急性中樞中度疼痛(4-7),診所診斷:uti,今天發燒,雙側腰痛",0
徐八,0,57,4,145,84,18,80,98,36.1,,0,3,A0107,1,104,0,61,0,0,呼吸系統-咳嗽-(4)急性咳嗽，生命徵象正常咳嗽.鼻塞及流鼻水,0
徐九,0,57,3,143,88,20,71,99,36.2,,0,3,A0410,4,106,0,55,0,0,神經系統-肢體無力-(3)急性中樞中度疼痛(4-7)睡到一半雙腳無力抽筋。,0
徐十,0,41,3,110,76,18,107,97,37,,0,3,A0314,3,87,0,34,0,0,"腸胃系統-腹痛-(3)急性中樞中度疼痛(4-7),剛有喝酒,胃痛,吐(病史:胃潰瘍,肝脾腫大)",0
周一,0,42,3,156,110,20,85,98,35.8,,0,3,A0403,4,125,0,46,0,0,神經系統-眩暈/頭暈-(3)血壓或心跳有異於病人之平常數值，但血行動力穩定 晚上九點多開始頭暈 有吐,0
周二,0,20,3,131,81,18,69,99,36.5,,0,3,A0301,3,97,0,50,0,0,腹痛-(3)急性中樞中度疼痛(4-7)，下腹痛，沒吐沒拉沒發燒。,0
周三,0,79,3,146,43,20,60,99,37.6,,0,3,A0911,9,77,0,103,0,0,皮膚系統-搔癢-(4)急性周邊中度疼痛(4-7)-皮膚癢昨天起，門診醫師建議轉入,0
周四,0,79,3,153,54,18,60,98,36.6,,0,3,A0610,6,87,0,99,0,0,泌尿系統-腰痛-(3)急性中樞中度疼痛(4-7) 昨天開始左側腰痛 多日未解便,0
周五,0,79,4,142,55,18,59,98,36.5,,0,3,A0902,9,84,0,87,0,0,"搔癢-(4)急性周邊中度疼痛(4-7),昨天因下背痛有至急診就診,返家後18:00開始全身過敏癢,整晚未改善故入",0
周六,0,79,2,163,65,18,57,89,35.9,Ward,0,2,A0101,1,97,1,98,0,1,家屬表病人禮拜4晚上至門診檢查肺積水，今因為呼吸喘故入,0
周七,0,80,3,178,71,20,93,97,37.9,Ward,0,2,A1302,13,106,0,107,0,0,一般和其他-發燒/畏寒-(3)發燒(看起來有病容)-主訴咳嗽、流鼻水、嘔吐、左手疼痛、左腳疼痛及水腫；DM、Anemia、CKD、心臟病HX,0
周八,0,80,3,157,57,20,60,98,37.4,,0,3,A0501,5,90,0,100,0,0,骨骼系統-背痛-(3)急性中樞中度疼痛(4-7)昨天晚上睡覺落枕脖子痛,0
周九,0,80,3,153,52,20,67,98,37.8,Ward,0,2,A0501,5,85,0,101,0,0,-腰背痛-咳嗽(3)急性中樞中度疼痛(4-7),0
周十,0,84,2,100,72,23,84,88,36.8,,0,3,A0314,3,81,1,28,0,1,腸胃系統-腹部腹脹-主訴腹脹、全身無力；本身猛爆性肝炎及B肝HX,0
葉一,0,85,2,118,68,20,100,92,39.9,Ward,0,2,A0202,2,84,0,50,1,1,家屬表病人昨天晚上胸痛且發燒故入心臟血管系統-胸痛/胸悶-(2)疑似心因性胸痛/胸悶,0
葉二,0,85,2,120,64,25,111,92,40.4,Ward,0,2,A0103,1,82,0,56,1,1,"呼吸系統-咳嗽-(2)中度呼吸窘迫(＜92%)主訴咳嗽痰多四天未就醫,今天開始發燒",0
葉三,0,85,1,101,64,25,97,62,37,Ward,0,2,A1302,13,76,1,37,0,1,發燒/畏寒-(1)重度呼吸窘迫(＜90%) 5/24因肺炎出院 現仍有發燒咳嗽故入,0
葉四,0,63,3,140,76,20,102,97,37.3,,0,3,A0314,3,97,0,64,0,0,腸胃系統-噁心/嘔吐(3)急性持續性嘔吐腹瀉-(3)輕度脫水上吐下瀉晚上開始,0
葉五,0,44,3,139,75,20,96,98,38,Ward,0,2,A1315,13,96,0,64,0,0,一般和其他-發燒/畏寒-(3)發燒(看起來有病容)-主訴星期四開始發燒；DM、HTN、HBV HX,0
葉六,0,45,3,173,94,18,96,98,36.8,,0,3,A0307,3,120,0,79,0,0,"腸胃系統-噁心/嘔吐主訴嘔吐一周未改善,無腹痛無腹瀉",0
葉七,0,46,2,141,88,15,184,99,36.8,,0,3,A0210,2,105,1,53,0,1,"心悸10分鐘前發生。心臟血管系統-心悸/不規則心跳-(2)每分鐘心跳次數＜50 或＞140,無休克徵象與症狀",0
葉八,0,47,3,139,83,18,73,98,37.1,,0,3,A0202,2,101,0,56,0,0,胸痛/胸悶-(3)急性中樞中度疼痛(4-7)，突然左側胸悶。,0
葉九,1,69,3,109,75,20,87,98,36,,0,3,A0404,4,86,0,34,0,0,"頭痛-(3)急性中樞中度疼痛(4-7) 今天早上開始頭痛,量血壓壓低故入",0
葉十,0,63,3,160,96,20,84,98,35.9,,0,3,A0202,2,117,0,64,0,0,表下午開始心悸且胸悶胸痛，自述血壓忽高忽低入心臟血管系統-胸痛/胸悶-(3)血壓或心跳有異於病人之平常數值，但血行動力穩定,0
蘇一,0,23,3,113,75,20,98,100,36.9,,0,3,A0404,4,87,0,38,0,0,下午六點開始腹脹、頭暈、頭痛、想吐,0
蘇二,0,24,3,128,86,20,111,99,36.8,,0,3,A1302,13,100,0,42,0,0,"一般和其他-發燒/畏寒-主訴昨天晚上開始發燒,無其他不適(3)血壓或心跳有異於病人之平常數值，但血行動力穩定",0
蘇三,1,29,4,150,90,20,95,98,37.1,,0,3,A0503,5,110,0,60,0,0,骨骼系統-下肢疼痛-(4)急性周邊中度疼痛(4-7)-主訴今天早上開始右腳腫，病患不確定有無跌倒；HTN HX;自述對芋頭過敏,0
蘇四,0,44,4,92,54,20,96,96,36.8,,0,3,A1315,13,66,0,38,0,0,"一般和其他-蒼白/貧血-(4)蒼白/貧血，生命徵象正常，無發燒，無疼痛不適,門診HB6.5,現覺頭暈,喘,Stool ob4+,今天預計排大腸鏡(病史:氣喘,腳骨折)",0
蘇五,1,20,3,124,78,20,79,97,36.2,,0,3,A0210,2,93,0,46,0,0,心臟血管系統-胸痛/胸悶-(3)急性中樞中度疼痛(4-7)-胸痛早上起,0
蘇六,0,37,3,102,55,16,85,98,36.3,,0,3,A0314,3,70,0,47,0,0,腸胃系統-腹痛-(3)急性中樞中度疼痛(4-7)-主訴今天開始腹痛、腹瀉、頭暈,0
蘇七,0,37,3,100,61,20,81,98,35.6,,0,3,A0410,4,74,0,39,0,0,下午三點開始頭痛、嘔吐神經系統-頭痛-(3)急性中樞中度疼痛(4-7),0
蘇八,0,38,3,104,64,19,80,96,36.4,,0,3,A0301,3,77,0,40,0,0,腸胃系統-腹痛-(3)急性中樞中度疼痛(4-7)  早上開始肚臍周圍疼痛 腹瀉兩次 作噁,0
蘇九,0,25,3,114,89,20,86,98,38,,0,3,A0309,3,97,0,25,0,0,最近有腸胃炎，剛剛喘不過氣、嘔吐。噁心/嘔吐*假如病人有凝血異常問題且有咖啡色嘔吐物的情形，請選擇A0309吐血-(3)血壓或心跳有異於病人之平常數值，但血行動力穩定,0
蘇十,0,86,3,142,80,21,101,95,37.5,Ward,0,2,A0107,1,100,0,62,0,0,呼吸系統-咳嗽-(3)發燒(看起來有病容)咳多天,0
莊一,0,23,4,126,78,18,82,98,36.8,,0,3,A0714,7,94,0,48,0,0,耳鼻喉系統-耳鼻喉系統-上呼吸道感染相關症狀（鼻塞、流鼻水、咳嗽、喉嚨痛）-(4)急性周邊中度疼痛(4-7),0
莊二,0,23,4,102,68,19,73,99,36,,0,3,A0714,7,79,0,34,0,0,耳鼻喉系統-上呼吸道感染相關症狀（鼻塞、流鼻水、咳嗽、喉嚨痛）-(4)急性周邊中度疼痛(4-7)-流鼻水、咳嗽、喉痛數天,0
莊三,0,24,4,121,77,18,85,98,37.3,,0,3,A0714,7,91,0,44,0,0,"上呼吸道感染相關症狀（鼻塞、流鼻水、咳嗽、喉嚨痛）-(4)急性周邊中度疼痛(4-7),病人主訴喉嚨痛,畏寒,全身痠痛故入",0
莊四,0,24,4,109,60,20,88,99,36.7,,0,3,A0301,3,76,0,49,0,0,腹痛-(4)急性中樞輕度疼痛(＜4) 昨天開始胃食道逆流、上腹痛、咳嗽,0
莊五,0,62,3,145,81,20,82,100,35.7,,0,3,A0210,2,102,0,64,0,0,心臟血管系統-胸痛/胸悶-(3)急性中樞中度疼痛(4-7)-主訴今天下午4點開始胸悶；自述GERD、HTN、DM HX,0
莊六,1,84,3,114,52,20,75,96,36.2,,0,3,A0403,4,72,0,62,0,0,"眩暈/頭暈-(3)姿勢性,無其他神經學症狀 前天開始頭暈不適故入",0
莊七,0,32,3,102,65,18,73,100,36.2,,0,3,A0403,4,77,0,37,0,0,"眩暈/頭暈-(3)姿勢性,無其他神經學症狀，早上開始頭暈想吐。",0
莊八,0,32,3,100,55,18,60,100,36,Ward,0,2,A0403,4,70,0,45,0,0,"眩暈/頭暈-(3)姿勢性,無其他神經學症狀，昨天開始頭暈、想吐。",0
莊九,0,32,3,114,55,20,69,98,36.6,,0,3,A0403,4,74,0,59,0,0,"神經系統-眩暈/頭暈-(3)姿勢性,無其他神經學症狀-主訴頭暈、想吐",0
莊十,0,40,3,118,68,20,108,97,37.1,,0,3,A0911,9,84,0,50,0,0,昨天晚上因感冒服用藥物後，今早出現皮膚癢，皮膚系統-紅疹-(3)廣泛性紅疹,0
江一,0,31,3,141,115,19,102,96,37.2,,0,3,A0410,4,123,0,26,0,0,"神經系統-眩暈/頭暈-(3)姿勢性,無其他神經學症狀，昨天下午開始畏寒，左側頭部覺得不適",0
江二,0,65,3,161,116,20,102,97,37.7,,0,3,A0107,1,131,0,45,0,0,呼吸系統-咳嗽-(3)兩三天前開始咳嗽,0
江三,0,66,3,180,104,20,87,99,36.2,,0,3,A0403,4,129,0,76,0,0,眩暈/頭暈-(3)血壓或心跳有異於病人之平常數值，但血行動力穩定  早上開始頭暈想吐咳嗽三天有至所求治表示為血壓高建議轉至本院急診故入,0
江四,0,34,3,161,116,23,82,96,36.8,,0,3,A0410,4,131,0,45,0,0,神經系統---主訴頭暈、左手抖、臉麻；甲狀腺開刀、DM HX,0
江五,0,35,3,141,73,23,74,99,36.6,,0,3,A0403,4,95,0,68,0,0,"眩暈/頭暈-(3)姿勢性,無其他神經學症狀 頭暈不適呼吸喘且盜汗,晚上睡眠困難故入",0
江六,1,32,3,142,113,20,86,99,37.5,,0,3,A0504,5,122,0,29,0,0,骨骼系統-關節腫脹-(3)急性周邊重度疼痛(8-10)右腳,0
江七,1,81,3,143,90,22,121,100,35.8,Ward,0,2,A0207,2,107,0,53,0,0,今早開始覺得喘、下半身水腫。全身性水腫-(3)血壓或心跳有異於病人之平常數值，但血行動力穩定,0
江八,1,81,3,145,90,20,91,97,36.8,,0,3,A0403,4,108,0,55,0,0,家屬表示今天才從本院出院，到家樓下時病人頭暈；本身HTN、膀胱癌、心臟病病史,0
江九,1,81,3,92,57,19,100,99,36.9,Ward,0,2,A0410,4,68,0,35,0,0,"腸胃系統-噁心/嘔吐(3)急性持續性嘔吐食慾不好神經系統-眩暈/頭暈-(3)姿勢性,無其他神經學症狀",0
江十,1,81,3,114,77,18,83,100,36.6,Ward,0,2,A0404,4,89,0,37,0,0,今早從本院病房出院回安養中心時，頭暈、頭痛、嘔吐、四肢發抖、喘。眩暈/頭暈-(3)血壓或心跳有異於病人之平常數值，但血行動力穩定,0
呂一,1,81,3,131,61,19,77,98,36.6,Ward,0,2,A0314,3,84,0,70,0,0,腸胃系統-腹痛-(3)急性中樞中度疼痛(4-7)噁心/嘔吐(3)急性持續性嘔吐昨天開始胃痛,0
呂二,1,81,4,143,103,17,77,98,36.6,,0,3,A0314,3,116,0,40,0,0,腸胃系統-便秘-(4)急性中樞輕度疼痛(＜4)一兩天沒有排便，要求通便,0
呂三,1,82,3,173,72,20,84,99,36.3,,0,3,A0410,4,105,0,101,0,0,神經系統-眩暈/頭暈-家屬述今天開始出現頭暈情形,0
呂四,1,82,3,94,52,20,99,97,36.6,Ward,0,2,A0206,2,66,0,42,0,0,"暈厥-(3)血壓或心跳有異於病人之平常數值，但血行動力穩定 約10點多時坐輪椅臉色蒼白且叫喚不醒予疼痛刺激也無反應,故入",0
呂五,0,29,3,117,63,20,66,98,37,Ward,0,2,A0404,4,81,0,54,0,0,主訴7/26自然產打無痛分娩，現頭痛,0
呂六,0,29,3,115,82,18,67,99,36.6,Ward,0,2,A0314,3,93,0,33,0,0,腸胃系統-腹痛-(3)急性中樞中度疼痛(4-7)表示腹痛(過敏史:無;病史:無),0
呂七,0,53,3,144,108,20,79,98,36.7,,0,3,A0610,6,120,0,36,0,0,泌尿系統-泌尿道感染相關症狀（頻尿、解尿疼痛）-(3)急性周邊重度疼痛(8-10)--主訴今天開始生殖器疼痛感、頻尿；HTN HX,0
呂八,0,37,3,143,67,18,90,98,36.9,,0,3,A0904,9,92,0,76,0,0,皮膚系統-局部紅腫-(3)臉部蜂窩性組織炎，眼眶周圍區域 禮拜三去看牙醫後 右臉頰腫 有吃過抗生素 臉腫無緩解,0
呂九,0,64,3,101,61,23,112,97,36,Ward,0,2,A1313,13,74,0,40,0,0,"剛到腎臟內科求治有抽血表示腎臟指數偏高需急洗腎故入急診檢驗/檢查結果異常-(3)檢驗出現危險數值,生命徵象正常",0
呂十,0,64,2,143,93,32,140,96,39.5,Ward,0,2,A1315,13,109,1,50,0,1,一般和其他-發燒/畏寒-(2)血行動力循環不足,0
何一,0,65,2,75,42,20,102,98,36.8,Ward,0,2,A1315,13,53,1,33,0,1,一般和其他-檢驗/檢查結果異常--主訴3天前開始嘔吐、食慾差，有至LMD就診，建議轉診至醫院進一步檢查；左手洗腎Q2、4、6(今天已洗過)、低血壓(長期服用升壓劑)HX,0
何二,0,22,3,115,76,18,61,99,35.6,,0,3,A0301,3,89,0,39,0,0,腹痛-(3)急性中樞中度疼痛(4-7)，剛剛拉肚子一次，現在下腹痛4分，有冒冷汗，mess來。,0
何三,0,24,3,111,75,20,116,97,39.5,,0,3,A1302,13,87,0,36,0,0,發燒/畏寒-(3)發燒(看起來有病容) 今天中午開始發燒，全身肌肉痠痛，頭暈,0
何四,1,46,3,132,89,20,89,97,38.8,,0,3,A1302,13,103,0,43,0,0,發燒/畏寒-(3)發燒(看起來有病容)今天開發燒。,0
何五,0,58,3,139,79,20,78,96,36.2,Ward,0,2,A1315,13,99,0,60,0,0,一般和其他-檢驗/檢查結果異常-今天因長期疲勞至診所就醫，診所表示肝功能異常建議轉入,0
何六,0,66,3,155,75,20,75,100,36.2,,0,3,A0403,4,101,0,80,0,0,"神經系統-眩暈/頭暈-(3)姿勢性,無其他神經學症狀-主訴頭暈，自述晚上10點有服用過降血壓藥，檢傷血糖:115mg/dl；自述本身有眩暈症、HTN DM HX",0
何七,0,51,3,133,58,20,74,98,36.3,,0,3,A0607,6,83,0,75,0,0,泌尿系統-泌尿道感染相關症狀（頻尿、解尿疼痛）-(3)急性周邊重度疼痛(8-10),0
何八,1,76,3,129,78,20,70,99,36,,0,3,A0601,6,95,0,51,0,0,昨晚開始左後腰痛，右側也些微不適。腰痛-(3)急性中樞中度疼痛(4-7),0
何九,1,76,3,168,124,22,80,99,35.5,,0,3,A0210,2,138,0,44,0,0,心臟血管系統-胸痛/胸悶-(3)急性中樞中度疼痛(4-7)昨天下午開始全身不適，現嘴唇下巴很麻,0
何十,1,77,3,165,78,19,73,97,36.5,,0,3,A0501,5,107,0,87,0,0,神經系統-背痛-(3)急性中樞中度疼痛(4-7),0
羅一,1,77,3,150,96,22,72,97,36.2,,0,3,A0202,2,114,0,54,0,0,心臟血管系統-胸痛/胸悶-自訴這幾天胸悶胸痛、背痛，呼吸喘，昨天有至本院門診看診，現仍不適故入。,0
羅二,1,56,2,183,113,20,111,96,36.1,,0,3,A0202,2,136,0,70,1,1,胸痛/胸悶-(2)疑似心因性胸痛/胸悶,0
羅三,0,49,3,150,90,20,97,100,36.2,,0,3,A0104,1,110,0,60,0,0,呼吸系統-換氣過度-(3)血壓或心跳有異於病人之平常數值，但血行動力穩定-主訴今天開始頭暈、手腳痲、呼吸喘,0
羅四,0,49,2,87,46,20,82,100,36.4,,0,3,A0302,3,59,1,41,0,1,腸胃系統-厭食-睡不好(2)血行動力循環不足,0
羅五,1,46,4,113,86,18,70,97,36.1,,0,3,A0714,7,95,0,27,0,0,"耳鼻喉系統-牙齒/牙齦問題-(4)輕度疼痛(<4)表示下排牙齒疼痛,要打止痛藥入(過敏史:無;病史:無)",0
羅六,0,32,2,92,54,18,71,100,36.7,Ward,0,2,A0405,4,66,0,38,1,1,抽搐-(2)抽搐已停止，意識仍未恢復，剛剛突然暈倒，現在眼睛一直往上看，血糖110。,0
羅七,0,28,3,121,58,18,79,98,36.6,,0,3,A0301,3,79,0,63,0,0,病人表下腹痛2天故入腸胃系統-腹痛-(3)血壓或心跳有異於病人之平常數值，但血行動力穩定,0
羅八,0,48,3,118,82,16,64,99,36.2,,0,3,A0410,4,94,0,36,0,0,神經系統-頭痛-(3)急性中樞中度疼痛(4-7)主訴頭痛3天,0
羅九,0,48,4,122,95,18,73,98,36.5,,0,3,A0404,4,104,0,27,0,0,"頭痛-(4)急性中樞輕度疼痛(＜4)病人頭痛2-3天,有至神經內科檢查,現下午1點口服止痛未改善故入",0
羅十,0,48,3,115,80,19,68,99,36.2,,0,3,A0410,4,91,0,35,0,0,神經系統-頭痛-(3)急性中樞中度疼痛(4-7),0
高一,1,54,2,136,78,20,81,99,35.4,,0,3,A0410,4,97,0,58,1,1,今天早上7點半起床後左手無力故入，(pupil side R/2.5+ L/2.5MM+)神經系統-肢體無力-(2)急性中樞重度疼痛(8-10),1
高二,1,70,3,115,74,20,60,98,36.3,,0,3,A0403,4,87,0,41,0,0,"眩暈/頭暈-頭暈兩三天(3)姿勢性,無其他神經學症狀",0
高三,1,71,3,137,92,17,62,97,36.5,,0,3,A0403,4,107,0,45,0,0,神經系統-眩暈/頭暈-(3)昨天開始頭暈，現主訴腹脹,0
高四,1,71,3,167,97,17,50,100,36.2,,0,3,A0403,4,120,0,70,0,0,"神經系統-眩暈/頭暈-(3)姿勢性,無其他神經學症狀 表示頭暈全身無力鼻塞",0
高五,0,20,3,96,50,14,71,99,36.2,,0,3,A1203,12,65,0,46,0,0,物質誤用-藥物過量攝取-(3)凌晨3點多自服精神科的藥10幾顆，現在覺得頭重腳輕,0
高六,0,21,2,104,65,18,89,99,35.9,Ward,0,2,A1203,12,78,0,39,1,1,物質誤用-藥物過量攝取-(2)不穩定的想法或做出可能危害自身或他人安全的行為家屬表示病人疑似八點多服用ZYPREXA (5mg/tab)80幾顆(過敏史:無;病史:憂鬱症),0
高七,0,21,3,98,64,20,80,98,36.5,,0,3,A1105,11,75,0,34,0,0,心理健康-暴力行為/自傷/傷害他人-自述有恐慌症，十分鐘前自覺壓力大，用刀片自行割傷雙手前臂,0
高八,0,75,3,116,48,16,64,99,36.8,,0,3,A0610,6,70,0,68,0,0,泌尿系統-(3)3/6裝上一般材質的16Fr.導尿管，尿袋裡的尿液呈淡黃綠色有異味,0
高九,0,75,3,144,71,20,111,99,37.8,,0,3,A0610,6,95,0,73,0,0,泌尿系統-泌尿道感染相關症狀（頻尿、解尿疼痛）-(4)發燒(看起來無病容)-昨天開始尿管會滲尿，有異味,0
高十,0,40,3,103,55,20,77,99,35.9,,0,3,A0410,4,71,0,48,0,0,半夜起頭頂頭痛、頭暈、嘔吐(昨天情緒較差)故入(pupil side R/2.5MM+ L/2.5mm+)神經系統-頭痛-(3)急性中樞中度疼痛(4-7),0
蕭一,1,77,2,95,66,19,66,97,35.9,,0,3,A0314,3,75,0,29,1,1,心臟血管系統-胸痛/胸悶-(3)急性中樞中度疼痛(4-7)腸胃系統-噁心/嘔吐,0
蕭二,0,70,4,187,87,18,82,98,36.5,,0,3,A0503,5,120,0,100,0,0,"下肢疼痛-(4)急性周邊中度疼痛(4-7),上禮拜六從床上跌下,左臀疼痛無傷口故入",0
蕭三,0,70,3,128,69,20,84,99,36.2,,0,3,A0210,2,88,0,59,0,0,心臟血管系統-胸痛/胸悶-(3)急性中樞中度疼痛(4-7)-主訴晚上開始胸悶；自述HTN DM HX,0
蕭四,0,70,2,111,75,18,111,97,36,,0,3,A0202,2,87,0,36,1,1,胸痛/胸悶-(2)疑似心因性胸痛/胸悶，從中午開始胸悶。,0
蕭五,0,66,4,159,109,20,78,98,36,,0,3,A0707,7,125,0,50,0,0,喉嚨痛-(4)急性中樞輕度疼痛(＜4)喉嚨痛四天，十幾天前有夾魚刺,0
蕭六,1,57,3,183,105,17,91,99,36,,0,3,A0314,3,131,0,78,0,0,腸胃系統-腹痛-(3)急性中樞中度疼痛(4-7)早上開始右腹疼痛,0
蕭七,0,69,3,133,63,18,56,94,36.4,,0,3,A0314,3,86,0,70,0,0,吃完晚餐後腹痛故入。腸胃系統-腹痛-(3)急性中樞中度疼痛(4-7),0
蕭八,0,86,2,127,73,18,87,98,36.1,,0,3,A1315,13,91,0,54,1,1,"一般和其他-低血糖-(2)＜60mg/dl，伴隨任一症狀(混亂、冒汗、虛弱、顫抖),119車上驗38MG/DL,最近換藥",0
蕭九,0,47,3,146,69,19,76,98,36.2,,0,3,A0210,2,94,0,77,0,0,心臟血管系統-胸痛/胸悶-(3)急性中樞中度疼痛(4-7)胸悶胸痛5天今早至診所表需至大醫院就診,0
蕭十,1,62,3,147,102,18,103,98,36.4,Ward,0,2,A0314,3,117,0,45,0,0,"腸胃系統-血便/黑便-(3)中量血便/黑便表示解黑便兩天,有至診所就醫未改善入",0
潘一,0,24,3,118,81,20,126,98,36.3,,0,3,A0301,3,93,0,37,0,0,腸胃系統-腹痛-(3)急性中樞中度疼痛(4-7)凌晨右下腹痛 沒吐沒拉 過去有膽囊炎,0
潘二,1,53,4,133,98,17,106,97,36.7,,0,3,A0307,3,109,0,35,0,0,(4)噁心/嘔吐，心理健康-憂鬱，病患現覺得壓力大，有噁心想吐感,0
潘三,0,57,3,121,84,20,77,100,37.1,,0,3,A0410,4,96,0,37,0,0,"神經系統-眩暈/頭暈-(3)姿勢性,無其他神經學症狀 頭暈想吐今晚始",0
潘四,0,58,4,130,78,20,77,98,36.4,,0,3,A0607,6,95,0,52,0,0,下腹痛 泌尿系統-泌尿道感染相關症狀（頻尿、解尿疼痛）-(4)急性周邊中度疼痛(4-7),0
潘五,0,23,3,134,86,20,111,99,36.7,,0,3,A0103,1,102,0,48,0,0,表頭痛且噁心想吐，URI症狀故入呼吸系統-咳嗽-(3)血壓或心跳有異於病人之平常數值，但血行動力穩定,0
潘六,0,24,3,128,62,20,76,99,35.6,,0,3,A0304,3,84,0,66,0,0,腸胃系統-腹瀉-(3)輕度脫水-主訴昨天開始腹瀉、嘔吐,0
潘七,1,29,3,147,98,19,66,99,36,,0,3,A0714,7,114,0,49,0,0,耳鼻喉系統-耳鼻喉系統-上呼吸道感染相關症狀（鼻塞、流鼻水、咳嗽、喉嚨痛）-四肢無力(3)急性周邊重度疼痛(8-10),0
潘八,0,62,3,193,93,20,72,98,36.6,,0,3,A0404,4,126,0,100,0,0,表URI症狀已3-4天且頭痛故入(3)血壓或心跳有異於病人之平常數值，但血行動力穩定,0
潘九,0,58,3,127,80,22,63,98,36.8,,0,3,A0101,1,95,0,47,0,0,這兩天覺得喘、吸不到氣，左下肋抽痛。呼吸短促-(3)血壓或心跳有異於病人之平常數值，但血行動力穩定,0
潘十,0,58,3,104,73,20,76,96,36.2,Ward,0,2,A0101,1,83,0,31,0,0,呼吸短促-(3)血壓或心跳有異於病人之平常數值，但血行動力穩定主訴痰多喘不過氣，昨天有至急診求治。,0
朱一,1,71,3,168,89,20,118,98,37.2,,0,3,A1315,13,115,0,79,0,0,一般和其他-發燒/畏寒-自述發燒兩天，伴隨頭暈情形,0
朱二,1,72,2,138,74,20,84,96,35,,0,3,A1304,13,95,0,64,1,1,表頭暈且未進食故入，f/s 45一般和其他-低血糖-(2)＜60mg/dl，伴隨任一症狀(混亂、冒汗、虛弱、顫抖),0
朱三,0,28,3,108,72,18,98,99,36.1,,0,3,A0301,3,84,0,36,0,0,"腹痛-(3)急性中樞中度疼痛(4-7)晚上9點開始上腹痛,噁心未改善故入",0
朱四,0,61,3,134,88,20,107,96,38,,0,3,A0904,9,103,0,46,0,0,皮膚系統-局部紅腫-(3)廣泛性蜂窩組織炎/紅腫 主訴左腳之前被狗咬傷口今天開始紅腫熱、全身痠痛,0
朱五,0,54,3,116,87,20,90,99,36.5,,0,3,A0403,4,96,0,29,0,0,"頭暈想吐故入眩暈/頭暈-(3)姿勢性,無其他神經學症狀",0
朱六,0,54,3,138,94,18,81,98,36.8,,0,3,A0403,4,108,0,44,0,0,"眩暈/頭暈-(3)姿勢性,無其他神經學症狀,睡前頭暈,睡醒後躺著更暈,噁心想吐",0
朱七,0,54,4,119,77,20,92,99,36.4,,0,3,A0911,9,91,0,42,0,0,皮膚系統-紅疹-自述左胸下緣有水泡出現，伴隨疼痛情形,0
朱八,0,55,3,139,89,20,72,96,36.2,,0,3,A0403,4,105,0,50,0,0,"眩暈/頭暈-(3)姿勢性,無其他神經學症狀  中午開始頭暈想吐故入",0
朱九,0,28,3,128,87,17,95,99,38.4,,0,3,A1315,13,100,0,41,0,0,一般和其他-發燒/畏寒-(3)發燒(看起來有病容)四肢痠痛，想吐,0
朱十,0,28,3,146,102,18,121,99,38.8,,0,3,A1302,13,116,0,44,0,0,"發燒/畏寒-腹痛-(3)發燒(看起來有病容) 腹痛今始,上吐下瀉等不適入",0
簡一,0,24,4,123,92,18,85,100,36.4,,0,3,A0314,3,102,0,31,0,0,嘔吐3-4次、腹瀉3-4次故入。腸胃系統-腹瀉-(4),0
簡二,0,34,3,124,89,20,103,98,37,,0,3,A0403,4,100,0,35,0,0,"今下午頭暈、右眼紅、癢故入。神經系統-眩暈/頭暈-(3)姿勢性,無其他神經學症狀",0
簡三,0,46,4,143,90,18,88,97,36.7,,0,3,A0804,8,107,0,53,0,0,右眼腫痛。眼睛疼痛-(4)急性中樞輕度疼痛(＜4),0
簡四,1,54,3,113,71,20,87,96,35.9,,0,3,A0903,9,85,0,42,0,0,10/29開始做化療，昨晚開始皮膚搔癢、紅疹(3)廣泛性紅疹  HX:結腸癌 OP:結腸   ALLENGE:VOREN,0
簡五,1,54,3,145,99,19,93,96,36.6,,0,3,A0301,3,114,0,46,0,0,腸胃系統-腹痛現化療中(3)急性中樞中度疼痛(4-7),0
簡六,1,20,4,122,82,18,95,98,36.8,,0,3,A0308,3,95,0,40,0,0,局部紅腫-(4)急性周邊中度疼痛(4-7)肛門有一處紅腫流血故入,0
簡七,1,20,4,127,87,18,82,99,36,,0,3,A0808,8,100,0,40,0,0,昨天因痔瘡疼痛入急診打止痛藥後，眼睛腫。眼眶腫脹-(4)急性周邊中度疼痛(4-7),0
簡八,0,57,3,144,96,18,95,96,38.1,,0,3,A1302,13,112,0,48,0,0,"一般和其他-發燒/畏寒-(3)發燒(看起來有病容)進兩天發燒,頭痛全身痠痛,一小時前有吃退燒藥",0
簡九,0,80,3,145,67,20,73,97,37.3,,0,3,A0103,1,93,0,78,0,0,"呼吸系統-咳嗽-(5)慢性咳嗽，生命徵象正常，無發燒，無疼痛不適主訴咳嗽一週有就醫,現覺疲倦故入",0
簡十,1,32,3,120,83,20,97,99,36.8,,0,3,A0902,9,95,0,37,0,0,今早吃完燕麥後開始雙眼腫、流鼻涕過敏症狀，以前吃燕麥無過敏、無服用藥物。,0
鍾一,0,28,3,132,87,18,89,96,36.6,,0,3,A0403,4,102,0,45,0,0,神經系統-眩暈/頭暈-(3)血壓或心跳有異於病人之平常數值，但血行動力穩定 本身有梅尼爾氏症 早上開始暈,0
鍾二,0,26,3,107,65,18,73,98,36.8,,0,3,A0404,4,79,0,42,0,0,"眩暈/頭暈-(3)姿勢性,無其他神經學症狀,今天下午上班前開始眩暈,頭痛,嘔吐多次(MC第二天),現未改善故入",0
鍾三,0,62,3,129,58,20,70,97,35.7,Ward,0,2,A0403,4,81,0,71,0,0,"眩暈/頭暈-(3)姿勢性,無其他神經學症狀 剛剛在掃地時感到腹痛頭暈且有腹瀉一次,有昏倒情形不慎撞到現仍有頭暈後枕部頭部疼痛故入",0
鍾四,0,26,3,100,49,20,60,99,36.2,,0,3,A0301,3,66,0,51,0,0,腸胃系統-腹痛-(3)急性中樞中度疼痛(4-7)-主訴晚上7點開始頭暈、下腹痛,0
鍾五,0,26,3,111,66,20,70,99,36.8,,0,3,A0202,2,81,0,45,0,0,表早上開始胸痛且頭暈故入心臟血管系統-胸痛/胸悶-(3)血壓或心跳有異於病人之平常數值，但血行動力穩定,0
鍾六,0,22,3,112,71,20,105,99,36.3,,0,3,A0314,3,84,0,41,0,0,腸胃系統-腹痛-(3)急性中樞中度疼痛(4-7)-腹痛、腹瀉今天起,0
鍾七,0,23,3,130,62,19,101,98,38,,0,3,A0301,3,84,0,68,0,0,腸胃系統-腹痛-(3)急性中樞中度疼痛(4-7) 今天開始上腹脹痛,0
鍾八,0,32,3,116,70,20,86,98,36.6,,0,3,A0601,6,85,0,46,0,0,昨天晚上發燒，現畏寒，雙腰痛。-(3)血壓或心跳有異於病人之平常數值，但血行動力穩定,0
鍾九,0,27,3,141,89,20,80,100,37.9,,0,3,A0714,7,106,0,52,0,0,耳鼻喉系統-上呼吸道感染相關症狀（鼻塞、流鼻水、咳嗽、喉嚨痛）--主訴喉痛2天、發燒、全身痠痛,0
鍾十,0,27,3,125,82,20,121,98,38.4,,0,3,A1302,13,96,0,43,0,0,發燒/畏寒-(3)發燒(看起來有病容)全身無力噁心想吐，全身痠痛,0
彭一,0,27,3,106,52,20,85,100,36.1,,0,3,A0911,9,70,0,54,0,0,皮膚系統-紅疹-(3)廣泛性紅疹關節痛,0
彭二,0,27,4,113,57,18,76,96,35.8,,0,3,A0504,5,75,0,56,0,0,關節腫脹-(4)急性周邊中度疼痛(4-7)，左膝痛，右肩痛，臉紅有蝴蝶形，病人擔心是SLE。,0
彭三,0,28,3,101,58,18,68,98,36.3,,0,3,A0301,3,72,0,43,0,0,腸胃系統-腹痛-(3)急性中樞中度疼痛(4-7) 早上開始吐、拉,0
彭四,0,27,3,127,72,20,123,97,38.7,,0,3,A1302,13,90,0,55,0,0,1/17開始發燒，咳嗽、咳黃稠痰。發燒/畏寒-(3)發燒(看起來有病容),0
彭五,0,28,3,107,69,18,97,97,36.2,,0,3,A0301,3,81,0,38,0,0,腸胃系統-腹痛-(3)急性中樞中度疼痛(4-7) 昨天開始嘔吐腹瀉胃痛 (過敏史:無;病史:左側乳房纖維瘤S/P;LMP:3/8),0
彭六,0,57,3,128,64,20,108,96,36.1,,0,3,A0304,3,85,0,64,0,0,腸胃系統-腹瀉-主訴昨天上開始上吐下瀉(3)輕度脫水,0
彭七,1,24,3,140,82,18,122,99,38.4,,0,3,A1302,13,101,0,58,0,0,發燒/畏寒-(3)發燒(看起來有病容)，咳嗽、流鼻水，1/29晚上開始發燒。,0
彭八,1,25,4,134,74,20,113,99,37.6,,0,3,A0707,7,94,0,60,0,0,耳鼻喉系統-喉嚨痛-(4)急性中樞輕度疼痛(＜4)主訴昨天開始發燒,0
彭九,0,33,3,97,72,20,86,98,36,,0,3,A0710,7,80,0,25,0,0,左臉腫痛昨天開始。(3)急性中樞中度疼痛(4-7),0
彭十,0,34,4,117,86,18,76,100,36.5,,0,3,A1010,10,96,0,31,0,0,頭暈、下腹痛，陰部有咖啡色分泌物，不確定是否懷孕。婦產科-陰道分泌物-(4)急性周邊中度疼痛(4-7),0
游一,0,24,3,109,73,20,109,99,36.4,,0,3,A0503,5,85,0,36,0,0,3/29腿部抽脂後現水腫。(3)血壓或心跳有異於病人之平常數值，但血行動力穩定,0
游二,0,25,3,126,85,17,85,99,36,,0,3,A0410,4,98,0,41,0,0,"神經系統-眩暈/頭暈-(3)姿勢性,無其他神經學症狀，昨天今天都有頭暈到吐",0
游三,0,25,3,142,88,20,109,95,36.9,,0,3,A0103,1,106,0,54,0,0,"呼吸系統-咳嗽-(3)發燒(看起來有病容)主訴三天開始咳嗽自服藥物後仍未改善,10點多有自服退燒藥",0
游四,0,26,4,122,83,20,78,98,36.6,,0,3,A0714,7,96,0,39,0,0,耳鼻喉系統-上呼吸道感染相關症狀（鼻塞、流鼻水、咳嗽、喉嚨痛）-(4)急性周邊中度疼痛(4-7),0
游五,0,26,3,131,91,18,94,99,36.2,,0,3,A0911,9,104,0,40,0,0,皮膚系統-紅疹-(3)廣泛性紅疹,0
游六,0,26,3,139,87,20,90,99,35.4,,0,3,A0304,3,104,0,52,0,0,腹瀉-(3)輕度脫水 腹瀉多次故入,0
游七,0,25,3,106,82,20,86,100,36.8,,0,3,A0314,3,90,0,24,0,0,腸胃系統-腹痛-(3)急性中樞中度疼痛(4-7) 胃痛及嘔吐不適今始,0
游八,0,27,3,116,85,18,110,99,35.5,,0,3,A0309,3,95,0,31,0,0,噁心/嘔吐*假如病人有凝血異常問題且有咖啡色嘔吐物的情形，請選擇A0309吐血-(3)急性持續性嘔吐，肚子痛、吐。,0
游九,0,32,3,120,85,20,102,99,37.9,,0,3,A0314,3,96,0,35,0,0,腸胃系統-腹痛-(3)(3)急性中樞中度疼痛(4-7)-腹痛、噁心、腹瀉今天起,0
游十,0,24,3,119,84,20,88,100,36,,0,3,A0708,7,95,0,35,0,0,脖子扭傷、吞口水會痛,0
詹一,0,35,3,119,77,18,72,98,36.5,,0,3,A0301,3,91,0,42,0,0,"腹痛-(3)急性中樞中度疼痛(4-7)早上06:42突然腹痛冒冷汗,噁心想吐",0
詹二,0,42,3,138,86,20,91,99,36.2,,0,3,A0404,4,103,0,52,0,0,神經系統-頭痛-(3)急性中樞中度疼痛(4-7)-主訴昨天晚上7點用力解便後開始頭痛,0
詹三,0,59,3,134,85,19,90,99,36.9,,0,3,A0610,6,101,0,49,0,0,泌尿系統-泌尿道感染相關症狀（頻尿、解尿疼痛）-(3)急性周邊重度疼痛(8-10),0
詹四,0,65,4,148,67,18,77,95,37,,0,3,A0714,7,94,0,81,0,0,"耳鼻喉系統-上呼吸道感染相關症狀（鼻塞、流鼻水、咳嗽、喉嚨痛）-(4)急性周邊中度疼痛(4-7),感冒一個禮拜,有去診所看診(病史:高血壓,心臟病,子宮切除)",0
詹五,0,65,3,209,91,25,98,93,38.8,Ward,0,2,A0103,1,130,0,118,0,0,"呼吸短促-(3)輕度呼吸窘迫(92-94%)咳嗽一個禮拜,1/21致門診表示肺炎,今天開始發燒,呼吸喘血壓高故入",0
詹六,0,27,3,123,88,18,69,99,36.8,,0,3,A1010,10,99,0,35,0,0,婦產科-月經問題-(3)急性中樞中度疼痛(4-7)主訴經痛,0
詹七,0,27,3,114,81,17,127,99,38.4,,0,3,A0103,1,92,0,33,0,0,全身痠痛(3)發燒(看起來有病容)，發燒三天，咳嗽,0
詹八,0,36,3,140,96,18,70,97,36.6,,0,3,A0314,3,110,0,44,0,0,腸胃系統-腹痛-(3)急性中樞中度疼痛(4-7)表示昨天下午開始腹痛(過敏史:無;病史:無;LMP:8/24),0
詹九,0,37,3,134,66,20,76,100,36.9,,0,3,A1010,10,88,0,68,0,0,婦產科-懷孕問題小於20週-(3)急性中樞中度疼痛(4-7)-現懷孕8週晚上開始陰道出血,0
詹十,0,37,3,124,60,20,100,99,36.2,,0,3,A1010,10,81,0,64,0,0,婦產科-陰道出血-(3)中量陰道出血-主訴今天早上開始陰道出血，AP8週,0
胡一,0,37,4,121,67,20,101,97,36.5,,0,3,A0904,9,85,0,54,0,0,局部紅腫-(4)局部性蜂窩組織炎/紅腫 病人昨天開始右邊臉頰腫，現剖婦產第三週，有餵母奶，無發燒,0
胡二,0,40,3,139,70,20,112,98,38.3,,0,3,A0403,4,93,0,69,0,0,"神經系統-眩暈/頭暈-(3)姿勢性,無其他神經學症狀-主訴頭暈；自術有梅尼爾氏症HX，自術下午兩點有自行打過VENA",0
胡三,0,23,3,116,79,19,74,99,36.8,,0,3,A0314,3,91,0,37,0,0,腸胃系統-腹痛-(3)急性中樞中度疼痛(4-7)-下腹痛、噁心昨天起,0
胡四,0,24,3,120,70,17,100,98,38.5,,0,3,A1302,13,86,0,50,0,0,一般和其他-發燒/畏寒-(3)發燒(看起來有病容),0
胡五,0,28,3,105,74,20,70,98,35.7,,0,3,A0301,3,84,0,31,0,0,腸胃系統-腹痛-(3)急性中樞中度疼痛(4-7)-主訴今天早上6點開始左下腹痛，自述8點有施打keto、Primperan,0
胡六,0,42,3,141,103,22,140,97,38.6,Ward,0,2,A0601,6,115,0,38,0,0,腰痛-(3)急性中樞中度疼痛(4-7)  今天開始發燒且右腰疼痛故入,0
胡七,0,28,3,100,62,18,78,99,35.8,Ward,0,2,A0403,4,74,0,38,0,0,"眩暈/頭暈-(3)姿勢性,無其他神經學症狀，今天開始站起來時會暈，懷孕22週，G1P0。",0
胡八,0,25,3,126,76,20,96,95,36.2,,0,3,A0210,2,92,0,50,0,0,心臟血管系統-暈厥-(3)血壓或心跳有異於病人之平常數值，但血行動力穩定,0
胡九,0,24,3,122,77,18,75,98,36.8,,0,3,A0202,2,92,0,45,0,0,"胸痛/胸悶-(3)急性中樞中度疼痛(4-7)4/13開始胸悶胸痛,吞口水不適,至急診檢查未改善故入",0
胡十,0,25,3,138,66,11,92,100,36.1,,0,3,A0314,3,90,0,72,0,0,腸胃系統-腹瀉-(3)輕度脫水-主訴今天早上開始腹瀉；自述GERD HX,0
施一,0,25,3,139,75,19,98,96,36.5,,0,3,A0903,9,96,0,64,0,0,皮膚系統-紅疹-(3)廣泛性紅疹,0
施二,1,62,1,141,73,25,113,76,37.4,ICU,1,1,A0101,1,95,1,68,0,1,呼吸短促-(1)重度呼吸窘迫(＜90%)  呼吸喘及咳嗽發燒兩天且有至診所求治建議故入,0
施三,0,33,4,128,69,20,78,99,36,,0,3,A0607,6,88,0,59,0,0,泌尿系統-泌尿道感染相關症狀（頻尿、解尿疼痛）-(4)急性周邊中度疼痛(4-7)主訴今天下午開始有頻尿解尿疼痛,0
施四,0,24,3,123,93,22,133,99,39.2,,0,3,A1315,13,103,0,30,0,0,一般和其他-發燒/畏寒-(3)下午開始頭暈畏寒，想吐，四肢痠痛，下午五點多有吃退燒藥,0
施五,0,37,3,106,79,20,72,100,36.2,,0,3,A0314,3,88,0,27,0,0,腸胃系統-腹痛-(3)急性中樞中度疼痛(4-7),0
施六,0,32,3,150,112,20,110,97,37.1,Ward,0,2,A0301,3,124,0,38,0,0,"腸胃系統-腹痛-(3)急性中樞中度疼痛(4-7)早上始上腹痛,乾嘔不停,已在原病房上L/R 1000ML/IV",0
施七,0,28,3,135,91,17,80,99,35.7,,0,3,A0301,3,105,0,44,0,0,腹痛-(3)急性中樞中度疼痛(4-7) 腹痛約4小時。,0
施八,0,29,3,148,103,24,110,99,37.2,,0,3,A0707,7,118,0,45,0,0,主訴昨天開始喉嚨痛、頭痛、頭暈、自覺呼吸喘,0
施九,0,29,3,144,90,20,86,98,36.4,,0,3,A0607,6,108,0,54,0,0,泌尿道感染相關症狀（頻尿、解尿疼痛）-(3)血壓或心跳有異於病人之平常數值，但血行動力穩定 晚上12點開始頻尿、血尿、解尿疼痛,0
施十,0,29,3,118,74,20,82,100,38.9,,0,3,A0602,6,88,0,44,0,0,泌尿系統-血尿-(3)急性周邊重度疼痛(8-10)-主訴昨天晚上開始頻尿，今天開始解血尿,0
沈一,0,30,3,112,71,18,80,99,36.1,,0,3,A0403,4,84,0,41,0,0,"眩暈/頭暈-(3)姿勢性,無其他神經學症狀，下午5點開始頭暈，暈完開始吐。",0
沈二,0,31,4,121,77,20,81,99,36.4,,0,3,A0403,4,91,0,44,0,0,眩暈/頭暈-(4)慢性或反覆性眩暈，生命徵象正常，無發燒，無疼痛不適 病人頭暈兩三天，嘔吐一次，現感噁心，頭暈一陣一陣,0
沈三,0,39,3,121,85,23,97,95,37.7,,0,3,A0107,1,97,0,36,0,0,呼吸系統-咳嗽-(4)急性咳嗽，生命徵象正常-咳嗽3天,0
沈四,0,39,3,122,78,20,113,99,38.1,,0,3,A1302,13,92,0,44,0,0,發燒/畏寒-(3)發燒(看起來有病容),0
沈五,0,40,4,115,68,20,81,98,36.9,,0,3,A0103,1,83,0,47,0,0,咳嗽兩天呼吸系統-咳嗽-(4)急性咳嗽，生命徵象正常,0
沈六,0,28,3,119,75,21,75,97,36.1,,0,3,A0107,1,89,0,44,0,0,呼吸系統-呼吸短促-(3)血壓或心跳有異於病人之平常數值，但血行動力穩定-喘昨天起,0
沈七,0,27,3,107,52,20,66,99,36.3,,0,3,A0210,2,70,0,55,0,0,心臟血管系統-暈厥-(3)血壓或心跳有異於病人之平常數值，但血行動力穩定-在本院電梯暈倒約1-2分鐘，入急診已清醒,0
沈八,1,20,3,106,67,20,79,98,36,,0,3,A0301,3,80,0,39,0,0,腹痛-(3)急性中樞中度疼痛(4-7)凌晨五點開始上腹痛，嘔吐多次,0
沈九,1,33,3,105,60,20,60,99,36,,0,3,A0301,3,75,0,45,0,0,腸胃系統-腹痛-(3)急性中樞中度疼痛(4-7) 主訴左上腹痛,0
沈十,0,21,3,118,69,20,95,98,38.5,,0,3,A1302,13,85,0,49,0,0,發燒/畏寒-(3)發燒(看起來有病容)天開始發燒全身痠痛有接觸腸病毒個案喉嚨有破痛,0
余一,0,20,2,118,77,20,84,98,35,,0,3,A0410,4,90,0,41,1,1,今早約起床時突感下腹部疼痛，腹瀉一次，LMP5/14神經系統-腸胃系統-腹痛-(2)急性中樞重度疼痛(8-10),1
余二,0,27,3,159,106,17,129,99,37.9,,0,3,A1302,13,123,0,53,0,0,一般和其他-發燒/畏寒-(3)今天開始發燒，晚上7點有吃過退燒藥,0
余三,1,74,3,128,83,17,86,97,37.4,,0,3,A0504,5,98,0,45,0,0,骨骼系統-下肢疼痛-(3)急性周邊重度疼痛(8-10)昨天晚上開始雙腳踝疼痛，自訴尿酸高,0
余四,1,75,3,124,76,20,57,96,36,,0,3,A0403,4,92,0,48,0,0,神經系統-眩暈/頭暈-(3)血壓或心跳有異於病人之平常數值，但血行動力穩定 主訴早上開始頭暈 一動就暈 沒有想吐,0
余五,1,43,4,163,62,18,61,99,36.5,,0,3,A0602,6,95,0,101,0,0,"病人自訴21:00開始左腹腰痛,開始解血尿。泌尿系統-血尿-(4)急性周邊中度疼痛(4-7)",0
余六,0,24,3,149,97,20,84,98,36.2,Ward,0,2,A0409,4,114,0,52,0,0,神經系統-知覺喪失/感覺異常-(3)知覺喪失/感覺異常，急性-主訴凌晨兩點開始左手麻,0
余七,0,25,3,173,109,16,87,97,36.7,,0,3,A0404,4,130,0,64,0,0,神經系統-頭痛-(3)晚上開始覺得頭痛、10點多開始覺得左側較無力及麻、噁心想吐、左眼疼痛較畏光，之前中風過(左側較無力)現有在服用aspirin,0
余八,0,63,3,107,69,22,88,98,36.5,,0,3,A0103,1,81,0,38,0,0,剛剛洗完腎，2/25開始咳嗽、流鼻水，喘。(3)血壓或心跳有異於病人之平常數值，但血行動力穩定,0
余九,0,64,2,218,104,26,105,88,37.1,Ward,0,2,A0101,1,142,1,114,0,1,呼吸系統-呼吸短促-(2)中度呼吸窘迫(＜92%)主訴洗完腎仍感覺喘故洗腎室轉入,0
余十,1,76,3,128,87,20,60,97,35.6,,0,3,A0904,9,100,0,41,0,0,局部紅腫-(3)臉部蜂窩性組織炎，眼眶周圍區域 前天有發燒，昨天開始右眼周圍腫，有頭暈，天旋地轉,0
陳家豪,1,59,3,145,95,19,79,99,36.1,,0,3,A0610,6,111,0,50,0,0,泌尿系統-腰痛-(3)急性中樞中度疼痛(4-7)-左腰疼痛晚上起，有自行使用止痛藥,0
陳志明,1,88,3,158,92,20,132,99,36.5,,0,3,A0304,3,114,0,66,0,0,腸胃系統-腹瀉-(3)輕度脫水 主訴昨天開始腹瀉，家屬代訴今日行走較平日不穩,0
陳建宏,1,88,2,128,85,20,58,96,36.2,,0,3,A0202,2,99,0,43,1,1,心臟血管系統-胸痛/胸悶-(2)急性中樞重度疼痛(8-10)-主訴早上10點開始胸悶,1
陳俊傑,1,51,3,121,69,20,110,97,40.3,,0,3,A1315,13,86,0,52,0,0,發燒今天早上發現。一般和其他-發燒/畏寒-(3)發燒(看起來有病容),0
陳哲瑋,0,30,3,142,84,16,77,98,36.4,,0,3,A0314,3,103,0,58,0,0,腸胃系統-腹痛-(3)急性中樞中度疼痛(4-7)主訴左腹痛,0
陳嘉偉,0,31,4,110,63,20,76,100,36.2,,0,3,A0103,1,78,0,47,0,0,咳嗽-(4)急性咳嗽，生命徵象正常，咳嗽3-4天,0
陳冠宇,1,50,3,145,105,18,129,98,36.2,,0,3,A0601,6,118,0,40,0,0,腰痛-(3)急性中樞中度疼痛(4-7)，右腰酸痛。,0
陳宗翰,0,62,3,181,82,19,81,99,36.3,,0,3,A0410,4,115,0,99,0,0,神經系統-頭痛-(3)急性中樞中度疼痛(4-7)-頭痛、頭暈、自覺呼吸困難4天,0
陳品睿,0,62,3,190,68,20,55,99,36.2,,0,3,A0403,4,108,0,122,0,0,"神經系統-眩暈/頭暈-(3)姿勢性,無其他神經學症狀-主訴今天開始頭暈、想吐",0
陳柏霖,0,61,3,147,75,20,79,98,36.4,,0,3,A0314,3,99,0,72,0,0,腸胃系統-腹瀉-(3)血壓或心跳有異於病人之平常數值，但血行動力穩定 反覆發燒 腹瀉多次三天 剛剛在家38.2有吃退燒藥 嘴破一個多月,0
陳威廷,0,61,2,81,50,20,64,97,38.7,Ward,0,2,A0103,1,60,1,31,0,1,反覆發燒多日、咳嗽、喘。呼吸短促-(2)血行動力循環不足,0
陳修平,0,61,3,139,92,20,89,97,37,,0,3,A0314,3,107,0,47,0,0,腸胃系統-吐血-(3)小量的嘔吐/咖啡色嘔吐物，生命徵象正常,0
陳致遠,1,77,3,133,79,16,88,99,36.6,,0,3,A0503,5,97,0,54,0,0,打掃後現雙膝疼痛不適故入下肢疼痛-(3)急性周邊重度疼痛(8-10),0
陳文彥,1,78,3,140,66,20,87,99,36.2,,0,3,A0314,3,90,0,74,0,0,腸胃系統-腹部腹脹-(3)急性中樞中度疼痛(4-7)-主訴頭暈、腹脹、左腳痛2天；HTN HX,0
陳清華,1,79,3,115,70,20,94,96,36.8,ICU,1,1,A0301,3,85,0,45,0,0,腸胃系統-腹痛-(3)急性中樞中度疼痛(4-7) 2000開始上腹痛，沒吐沒拉,0
陳育德,1,69,3,158,79,22,110,96,36.5,,0,3,A0107,1,105,0,79,0,0,呼吸系統-咳嗽-(4)急性咳嗽，生命徵象正常-咳嗽1個月，診所求治未改善,0
陳承恩,1,63,4,149,86,20,78,96,36.5,,0,3,A0714,7,107,0,63,0,0,上呼吸道感染相關症狀（鼻塞、流鼻水、咳嗽、喉嚨痛）-(4)急性周邊中度疼痛(4-7) 病人咳嗽感冒1個月，無發燒,0
陳子軒,0,62,3,197,83,20,65,99,37,,0,3,A0314,3,121,0,114,0,0,腸胃系統-腹痛-(3)急性中樞中度疼痛(4-7) 今晚開始上腹痛,0
陳千禾,0,26,4,105,71,20,113,99,36.6,,0,3,A1107,11,82,0,34,0,0,心理健康-憂鬱/自殺-(4)憂鬱感，但不一定有自殺的念頭-自覺情緒激動,0
陳易天,0,27,3,102,63,20,102,98,36.2,,0,3,A0304,3,76,0,39,0,0,腹痛-(3)急性中樞中度疼痛(4-7) 昨天開始腹痛腹瀉多次及嘔吐兩次故入,0
陳沛凡,0,27,3,116,66,18,105,99,36.5,,0,3,A0403,4,82,0,50,0,0,病人表早上開始頭暈嘔吐故入神經系統-眩暈/頭暈-(3)血壓或心跳有異於病人之平常數值，但血行動力穩定,0
陳詠晴,0,27,3,113,82,18,92,99,37,,0,3,A0309,3,92,0,31,0,0,腸胃系統-噁心/嘔吐*假如病人有凝血異常問題且有咖啡色嘔吐物的情形，請選擇A0309吐血-(3)急性持續性嘔吐 上吐下瀉2週,0
陳語涵,1,81,3,216,81,18,58,97,35.5,ICU,1,1,A0408,4,126,0,135,0,0,肢體無力-(3)血壓或心跳有異於病人之平常數值，但血行動力穩定，雙手無力3天。,0
陳羽柔,1,58,3,111,67,18,86,95,35.8,,0,3,A0301,3,81,0,44,0,0,腹痛-(3)急性中樞中度疼痛(4-7)，肚子痛、拉肚子2天。,0
陳雅婷,1,54,4,114,77,20,83,99,36.4,,0,3,A0107,1,89,0,37,0,0,剛剛欲看門診時突然緊張，呼吸急促，頭暈故入。呼吸系統-呼吸短促-(4)無呼吸窘迫徵象,0
陳怡君,0,74,3,155,80,20,67,98,36.8,,0,3,A0210,2,105,0,75,0,0,心臟血管系統-胸痛/胸悶-(3)急性中樞中度疼痛(4-7)-主訴胸悶、頭暈、想吐3天；自述HTN HX,0
陳雅雯,0,75,3,113,66,20,71,99,37,,0,3,A0202,2,81,0,47,0,0,胸痛/胸悶-(3)急性中樞中度疼痛(4-7) 病人表示今天血壓高，頭痛，已服藥，現感胸悶,0
陳佳穎,0,60,3,133,79,20,76,99,36.6,,0,3,A0610,6,97,0,54,0,0,泌尿系統-腰痛-(3)急性中樞中度疼痛(4-7)右後腰痛,0
陳心妤,0,60,4,129,80,20,73,99,35.2,,0,3,A0610,6,96,0,49,0,0,2月時曾經腎盂腎炎，一星期前頻尿，診所就診服藥中，但未好轉故入。泌尿系統-泌尿道感染相關症狀（頻尿、解尿疼痛）-(4)急性周邊中度疼痛(4-7),0
陳詩涵,0,61,3,137,70,18,91,98,37.6,Ward,0,2,A0601,6,92,0,67,0,0,右腰痛，全身不適、頭暈頭痛、想吐。腰痛-(3)急性中樞中度疼痛(4-7),0
林家豪,0,62,3,121,68,20,75,97,36.8,,0,3,A0304,3,85,0,53,0,0,腹瀉-(3)血壓或心跳有異於病人之平常數值，但血行動力穩定 病人腹痛、腹瀉三天，腹瀉多次，無發燒、嘔吐,0
林志明,0,62,3,116,67,20,81,99,37,Ward,0,2,A0601,6,83,0,49,0,0,表已腹痛及噁心腹瀉5天，今右腰痛故入泌尿系統-腰痛-(3)血壓或心跳有異於病人之平常數值，但血行動力穩定,0
林建宏,0,62,3,158,112,18,88,97,36.4,Ward,0,3,A0601,6,127,0,46,0,0,泌尿系統-腰痛-(3)急性中樞中度疼痛(4-7)右腰疼痛兩天，原掛今日下午泌尿科門診，但疼痛難耐故入急診。有APN Hx,0
林俊傑,1,71,3,130,66,20,51,95,39.4,Ward,0,2,A1315,13,87,0,64,0,0,一般和其他-發燒/畏寒-(3)發燒(看起來有病容)-在家畏寒、發抖今天起,0
林哲瑋,1,71,2,161,97,18,85,98,36.1,Ward,0,2,A0402,4,118,0,64,1,1,"混亂-(2)意識程度改變(GCS9-13),昨天下午開始意識混亂,無法自理,認不得家人,早上願意配合就醫,血糖:99",0
林嘉偉,1,72,3,117,57,20,59,97,38.8,Ward,0,2,A0403,4,77,0,60,0,0,神經系統-眩暈/頭暈-(3)發燒(看起來有病容)(3)發燒(看起來有病容),0
林冠宇,1,72,3,109,71,20,80,99,37.9,,0,3,A1302,13,83,0,38,0,0,發燒/畏寒-(3)血壓或心跳有異於病人之平常數值，但血行動力穩定  昨天晚上開始反覆發燒故入,0
林宗翰,1,72,3,136,61,18,82,99,36.5,Ward,0,2,A0401,4,86,0,75,0,0,"神經系統-意識程度改變-(3)發燒(看起來有病容)家屬代訴肝硬化有用LAULOSE,但近這兩天不確定有無大便,今早開始認不得人",0
林品睿,1,62,3,120,60,20,103,99,36,,0,3,A0706,7,80,0,60,0,0,耳鼻喉系統-牙齒/牙齦問題-(4)急性周邊中度疼痛(4-7)主訴上排牙齦腫痛四天診所就醫建議轉入,0
林柏霖,0,66,3,140,66,19,61,98,36.2,,0,3,A0403,4,90,0,74,0,0,神經系統-眩暈/頭暈-(3)血壓或心跳有異於病人之平常數值，但血行動力穩定 頭暈想吐多日,0
林威廷,1,36,3,128,86,20,88,98,36,,0,3,A0804,8,100,0,42,0,0,眼睛疼痛-(3)急性中樞中度疼痛(4-7),0
林修平,1,65,3,151,85,18,73,100,36.3,,0,3,A1315,13,107,0,66,0,0,病人今早洗完腎後，因血紅素低由診所轉入，無解血便。蒼白/貧血-(3)血壓或心跳有異於病人之平常數值，但血行動力穩定,0
林致遠,1,57,3,133,82,20,87,98,36.8,,0,3,A0403,4,99,0,51,0,0,"神經系統-眩暈/頭暈-(3)姿勢性,無其他神經學症狀-主訴今天開始頭暈、嘔吐；HTN HX",0
林文彥,0,50,3,137,57,19,99,98,37.4,,0,3,A0304,3,83,0,80,0,0,腸胃系統-腹瀉-(3)血壓或心跳有異於病人之平常數值，但血行動力穩定 前天開始上吐下瀉 全身無力 腹脹,0
林清華,0,74,3,128,77,23,101,97,36.8,,0,3,A0101,1,94,0,51,0,0,呼吸短促-(3)血壓或心跳有異於病人之平常數值，但血行動力穩定  今天呼吸喘氣喘發作故入,0
林育德,0,75,3,132,63,20,84,96,37,,0,3,A0301,3,86,0,69,0,0,腹痛-(3)急性中樞中度疼痛(4-7)腹痛有吐剛剛起,0
林承恩,0,75,3,184,78,18,84,97,36,,0,3,A0314,3,113,0,106,0,0,"腸胃系統-腹痛-(3)急性中樞中度疼痛(4-7)胃痛,吐多次,昨天有至急診就醫過(病史:氣喘,疝氣,換關節)",0
林子軒,0,75,3,137,63,18,97,95,36.7,,0,3,A0101,1,87,0,74,0,0,病人表感冒以兩天，今天感胸口悶且呼吸喘故入呼吸系統-呼吸短促-(3)血壓或心跳有異於病人之平常數值，但血行動力穩定,0
林千禾,0,75,3,109,60,18,95,99,36.6,,0,3,A0708,7,76,0,49,0,0,頸部腫脹/疼痛-(3)急性中樞中度疼痛(4-7)，後頸痛10幾天。,0
林易天,0,65,3,158,75,18,68,98,36.8,Ward,0,2,A0301,3,102,0,83,0,0,"腹痛-(3)急性中樞中度疼痛(4-7)晚上9點半開始腹痛,嘔吐多次故入",0
林沛凡,1,41,3,116,83,18,84,96,36.3,,0,3,A0903,9,94,0,33,0,0,紅疹-(3)廣泛性紅疹，剛剛開始全身癢。,0
林詠晴,0,38,3,105,71,20,110,99,37.5,,0,3,A0610,6,82,0,34,0,0,泌尿系統-腰痛-(3)急性中樞中度疼痛(4-7)-發燒、雙腰疼痛4天，診所求治未改善,0
林語涵,0,38,3,108,70,18,75,100,35.7,,0,3,A0610,6,82,0,38,0,0,表示頻尿.解尿灼熱感.右腰痛.發燒(過敏史:無;病史:無)泌尿系統-泌尿道感染相關症狀（頻尿、解尿疼痛）-(3)發燒(看起來有病容),0
林羽柔,1,58,3,108,76,18,63,98,35.8,ICU,1,1,A0210,2,86,0,32,0,0,"心臟血管系統-胸痛/胸悶-(3)急性中樞中度疼痛(4-7),4點半開始(病史:高血壓)",0
林雅婷,1,68,2,124,81,20,77,96,35,ICU,1,1,A1303,13,95,0,43,1,1,高血糖-(2)>324mg/dl，伴隨任一症狀(呼吸困難、脫水、虛弱),0
林怡君,1,69,2,197,92,20,96,83,36.5,ICU,1,1,A0309,3,127,1,105,0,1,"腸胃系統-吐血-(2)中度呼吸窘迫(＜92%) 在家吐血 自訴約兩個碗公的量  過去病史:DM, bronchectasis",0
林雅雯,0,37,3,150,93,20,133,99,35.8,,0,3,A0103,1,112,0,57,0,0,咳嗽三天，有至門診就醫未改善故入。咳嗽-(3)血壓或心跳有異於病人之平常數值，但血行動力穩定,0
林佳穎,0,57,3,152,90,20,66,99,36,,0,3,A0210,2,110,0,62,0,0,心臟血管系統-胸痛/胸悶-(3)血壓或心跳有異於病人之平常數值，但血行動力穩定 今天開始胸悶痛 呼吸不順,0
林心妤,1,87,4,171,86,17,68,97,36,,0,3,A0303,3,114,0,85,0,0,腸胃系統-便秘-一天未解便，現主訴腹脹，欲灌腸(4),0
林詩涵,1,66,3,160,103,18,92,96,38.7,,0,3,A0714,7,122,0,57,0,0,昨天開始出現感冒症狀，診所建議做流感快篩。上呼吸道感染相關症狀（鼻塞、流鼻水、咳嗽、喉嚨痛）-(3)發燒(看起來有病容),0
黃家豪,1,66,3,98,59,19,66,99,35.8,,0,3,A0210,2,72,0,39,0,0,心臟血管系統-胸痛/胸悶-(3)急性中樞中度疼痛(4-7),0
黃志明,1,67,3,114,55,18,71,95,36,,0,3,A0301,3,74,0,59,0,0,腹痛-(3)急性中樞中度疼痛(4-7)，右腹痛，剛剛有喝酒，沒吐沒拉沒發燒。,0
黃建宏,1,67,3,92,55,19,74,100,36.1,,0,3,A0301,3,67,0,37,0,0,腸胃系統-腹痛-(3)急性中樞中度疼痛(4-7) 吃飯後右腹痛 想吐,0
黃俊傑,1,67,3,94,57,18,56,98,36.5,,0,3,A0301,3,69,0,37,0,0,腸胃系統-腹痛-(3)急性中樞中度疼痛(4-7)剛喝完酒後腹痛,0
黃哲瑋,0,72,3,135,78,20,72,98,36.4,,0,3,A0202,2,97,0,57,0,0,"胸痛/胸悶-(3)急性中樞中度疼痛(4-7) 胸悶多日,昨日有自行服用舌下定兩次今仍不適故入",0
黃嘉偉,1,77,3,114,66,20,80,97,36.7,Ward,0,2,A0210,2,82,0,48,0,0,心臟血管系統-全身虛弱/無力-(3)急性虛弱 /無法走動-全身不適1個月，有診所求治未改善,0
黃冠宇,0,24,3,110,61,20,86,98,36.9,,0,3,A0301,3,77,0,49,0,0,"腹痛-(3)急性中樞中度疼痛(4-7)上腹疼痛,嘔吐六次故入",0
黃宗翰,1,48,3,129,73,20,85,96,39.3,,0,3,A1302,13,91,0,56,0,0,發燒/畏寒-(3)血壓或心跳有異於病人之平常數值，但血行動力穩定  晚上開始發燒故入,0
黃品睿,0,48,3,120,82,19,70,99,36.4,,0,3,A0707,7,94,0,38,0,0,三天前開始上腹痛，喉嚨痛、咳嗽，小孩有b流。-(3)急性中樞中度疼痛(4-7),0
黃柏霖,0,48,3,125,101,20,72,99,36.3,,0,3,A0314,3,109,0,24,0,0,腸胃系統-腹痛-(3)急性中樞中度疼痛(4-7)昨天晚上開始腹痛,0
黃威廷,0,20,3,114,71,18,87,97,37,,0,3,A0304,3,85,0,43,0,0,腸胃系統-腹瀉-(3)輕度脫水 前天開始上吐下瀉 (過敏史:無;病史:無;LMP:2/24),0
黃修平,1,75,3,143,90,20,68,96,35.8,,0,3,A0202,2,107,0,53,0,0,胸痛/胸悶-(3)急性中樞中度疼痛(4-7) 25分鐘前開始胸痛5分鐘前有自行服用舌下含定有疼痛緩解故入,0
黃致遠,0,28,3,132,95,18,107,98,35.9,,0,3,A0304,3,107,0,37,0,0,懷孕37週，腹瀉、拉肚子。腹瀉-(3)血壓或心跳有異於病人之平常數值，但血行動力穩定,0
黃文彥,0,26,4,122,57,20,87,99,36.5,,0,3,A0714,7,78,0,65,0,0,耳鼻喉系統-鼻內異物-吃米漢堡嗆到，現米粒卡在呼吸道,0
黃清華,0,38,3,121,70,19,85,97,36.5,,0,3,A0107,1,87,0,51,0,0,呼吸系統-咳嗽-(3)輕度呼吸窘迫(92-94%)咳2個月,0
黃育德,0,38,3,122,73,18,110,98,36.5,,0,3,A0301,3,89,0,49,0,0,"腹痛-(3)急性中樞中度疼痛(4-7),胃痛,1/31做胃鏡,胃食道逆流,現仍胃痛故入",0
黃承恩,1,42,3,126,76,18,129,100,38.4,,0,3,A0714,7,92,0,50,0,0,上週開始發燒、咳嗽痰多。上呼吸道感染相關症狀（鼻塞、流鼻水、咳嗽、喉嚨痛）-(3)發燒(看起來有病容),0
黃子軒,1,38,3,121,86,20,106,98,38.5,,0,3,A1302,13,97,0,35,0,0,一般和其他-發燒/畏寒-(3)發燒(看起來有病容)-主訴發燒、咳嗽、喉嚨痛，自述6/24早上開始服用克流感,0
黃千禾,1,64,3,145,78,19,77,98,37.9,,0,3,A0714,7,100,0,67,0,0,耳鼻喉系統-上呼吸道感染相關症狀（鼻塞、流鼻水、咳嗽、喉嚨痛）-(3)血壓或心跳有異於病人之平常數值，但血行動力穩定 今天開始畏寒 咳嗽流鼻水,0
黃易天,0,66,3,150,106,20,89,99,36.2,,0,3,A0403,4,120,0,44,0,0,神經系統-眩暈/頭暈-(3)血壓或心跳有異於病人之平常數值，但血行動力穩定 晚上11點開始頭暈 覺得心跳跳很快 [HTN][CAD],0
張家豪,0,28,4,130,76,16,95,96,38.6,,0,3,A1302,13,94,0,54,0,0,一般和其他-發燒/畏寒-(4)今天開始發燒、全身無力、喉嚨痛,0
張志明,0,28,3,127,78,20,71,97,35.9,,0,3,A0103,1,94,0,49,0,0,病人表咳嗽到胸口疼痛，昨天有至本院看診返家後未改善故入呼吸系統-咳嗽-(3)血壓或心跳有異於病人之平常數值，但血行動力穩定,0
張建宏,1,58,3,110,55,18,100,96,35.5,,0,3,A0314,3,73,0,55,0,0,腸胃系統-腹瀉-(3)輕度脫水 昨天開始腹瀉 (過敏史:無;病史:糖尿病.脊椎側彎),0
張俊傑,1,58,4,145,88,17,85,98,34.4,,0,3,A0403,4,107,0,57,0,0,神經系統-眩暈/頭暈-(4)今天下午開始頭暈，現有想吐情形，在家有量血糖170MG/DL,0
張哲瑋,0,55,3,152,85,18,74,99,36.4,,0,3,A0501,5,107,0,67,0,0,背痛-(3)急性中樞中度疼痛(4-7) 胸痛痛到背後 (過敏史:無;病史:氣胸),0
張嘉偉,1,63,3,129,89,19,104,98,35.5,,0,3,A0314,3,102,0,40,0,0,腸胃系統-腹痛-(3)急性中樞中度疼痛(4-7),0
張冠宇,1,65,3,115,82,20,102,97,35.6,,0,3,A0105,1,93,0,33,0,0,呼吸系統-咳血-(3)凝血異常-中度或輕度的出血 表示早上起床後有咳血,0
張宗翰,0,49,3,129,61,18,64,100,36.1,,0,3,A0301,3,83,0,68,0,0,病人表已右下腹痛4天，有至診所看診未改善入腸胃系統-腹痛-(3)血壓或心跳有異於病人之平常數值，但血行動力穩定,0
張品睿,1,67,4,131,89,18,101,98,36.8,,0,3,A0502,5,103,0,42,0,0,"上肢疼痛-(4)急性周邊中度疼痛(4-7)病人右手板機指開過刀,手掌內側積水,昨有至整外科李宗獻抽水,線未改善故入",0
張柏霖,1,67,3,119,63,20,67,98,36.9,,0,3,A0502,5,81,0,56,0,0,3/30右手手掌有在本院抽水，現右手手掌疼痛。(3)血壓或心跳有異於病人之平常數值，但血行動力穩定,0
李家豪,0,41,3,134,83,20,92,98,36.4,,0,3,A0301,3,100,0,51,0,0,腸胃系統-腹痛-(3)急性中樞中度疼痛(4-7)-主訴今天開始腹痛、嘔吐,0
李志明,0,62,3,139,64,17,87,100,36,,0,3,A0202,2,89,0,75,0,0,心臟血管系統-胸痛/胸悶-(3)急性中樞中度疼痛(4-7) 之前血便 原本下周二做胃鏡 今上腹痛去診所打點滴 返家後表胸痛呼吸喘 手腳麻 過去病史:GERD、UTI,0
李建宏,0,35,3,133,78,19,76,99,36.7,Ward,0,2,A0301,3,96,0,55,0,0,腸胃系統-腹痛-(3)急性中樞中度疼痛(4-7)-下午三點開始RLQ痛、無吐無拉無發燒、自述手腳麻,0
李俊傑,1,73,2,121,60,20,90,96,35.1,,0,3,A0202,2,80,0,61,1,1,胸痛/胸悶-(2)疑似心因性胸痛/胸悶 早上約5點多感到胸悶且有咳嗽情形故入,0
李哲瑋,0,60,3,136,103,18,74,97,36.3,,0,3,A0501,5,114,0,33,0,0,腸胃系統-腹痛-(3)急性中樞中度疼痛(4-7)表示上腹痛及後背痛,0
李嘉偉,1,58,3,154,75,20,60,99,36.1,,0,3,A0404,4,101,0,79,0,0,高血壓急症*SBP=收縮壓DBP=舒張壓-(3)SBP200-220mmHg或DBP110-130mmHg，伴隨任一症狀(呼吸短促、胸痛、頭痛、噁心嘔吐、眩暈)在家量血壓兩百多，頭暈,0
李冠宇,1,59,3,158,110,20,80,98,36.2,,0,3,A0711,7,126,0,48,0,0,流鼻血-(3)凝血異常-中度或輕度的出血 10/23腦下垂體腫瘤開刀，早上5點開始右側鼻孔流鼻血,0
李宗翰,0,55,2,128,80,21,124,96,37.6,,0,3,A0707,7,96,0,48,1,1,上呼吸道感染相關症狀（流鼻水、咳嗽、喉嚨痛）-(3)發燒(看起來有病容)全身痠痛,0
李品睿,0,63,3,177,79,19,75,97,36.7,,0,3,A0403,4,111,0,98,0,0,神經系統-眩暈/頭暈-(3)血壓或心跳有異於病人之平常數值，但血行動力穩定 剛剛開始頭暈想吐,0
李柏霖,1,40,2,140,104,20,67,99,36.5,,0,3,A0410,4,116,0,36,1,1,表兩個小時前左臉麻木，覺得左邊手腳無力入神經系統-知覺喪失/感覺異常*假如懷疑腦中風，請選擇A0408肢體無力-神經系統-中風症狀(突發性口齒不清/單側肢體感覺異常/突發性視覺異常)-(2)血行動力循環不足,0
王家豪,0,49,3,129,67,17,82,97,37.1,,0,3,A0601,6,87,0,62,0,0,腰痛-下午彎腰要起身時疑似閃到，現疼痛(3),0
王志明,0,77,2,104,71,20,91,98,38.8,Ward,0,2,A1302,13,82,0,33,1,1,一般和其他-發燒/畏寒-(2)血行動力循環不足 反覆發燒多天,0
王建宏,0,24,3,107,74,20,64,99,35.6,,0,3,A1101,11,85,0,33,0,0,"自述約11點多時自服約一百多顆的Rivotril及約20顆的Larpam,且表示想砍自己故入憂鬱/自殺-(3)有自殺的想法，但不一定有計畫",0
王俊傑,0,45,3,138,80,17,112,98,38.5,,0,3,A1302,13,99,0,58,0,0,一般和其他-發燒/畏寒-(3)發燒(看起來有病容)咳嗽流鼻水腹痛腹瀉嘔吐,0
王哲瑋,1,76,2,237,98,17,68,95,36.8,,0,3,A0204,2,144,1,139,0,1,心臟血管系統-高血壓急症*SBP=收縮壓DBP=舒張壓-(2)SBP＞220mmHg或DBP＞130mmHg，伴隨任一症狀(呼吸短促、胸痛、頭痛、噁心嘔吐、眩暈),0
王嘉偉,1,56,3,139,101,18,67,95,35.6,,0,3,A0202,2,113,0,38,0,0,胸痛/胸悶-(3)急性中樞中度疼痛(4-7),0
王冠宇,0,50,3,132,93,20,85,100,35.6,,0,3,A0202,2,106,0,39,0,0,表昨天開始胸悶心悸且呼吸不順故入心臟血管系統-胸痛/胸悶-(3)血壓或心跳有異於病人之平常數值，但血行動力穩定,0
王宗翰,0,39,3,112,70,20,87,100,36.2,,0,3,A0202,2,84,0,42,0,0,心臟血管系統-胸痛/胸悶-(3)急性中樞中度疼痛(4-7)-主訴胸悶、胸痛半年,0
王品睿,1,87,3,148,68,20,98,92,37.8,Ward,0,2,A1315,13,94,0,80,0,0,一般和其他-發燒/畏寒-(3)發燒(看起來有病容)全身虛弱,0
王柏霖,0,54,3,151,67,20,67,99,36.7,,0,3,A0410,4,95,0,84,0,0,神經系統-肢體無力-(3)急性中樞中度疼痛(4-7)手腳麻頭麻,0
吳家豪,0,39,3,129,89,19,95,99,36.2,,0,3,A0503,5,102,0,40,0,0,骨骼系統-下肢疼痛-(3)急性周邊重度疼痛(8-10)左腳3個月診斷為足底筋膜炎昨有至骨科診所仍痛,0
吳志明,0,39,3,122,91,18,81,97,36.7,,0,3,A0601,6,101,0,31,0,0,9/20診所驗尿蛋白偏高，三天前後腰痛。腰痛-(3)急性中樞中度疼痛(4-7),0
吳建宏,0,39,3,119,70,20,94,98,35.6,,0,3,A0304,3,86,0,49,0,0,腹瀉-前幾天腹部不適，今天開始拉肚子 拉了4次(3)輕度脫水(3)輕度脫水,0
吳俊傑,0,39,3,135,63,20,98,97,35.7,,0,3,A0909,9,87,0,72,0,0,皮膚系統-自發性瘀斑-(3)自發性瘀斑-主訴容易疲倦、呼吸喘及身上容易瘀青、體重減輕2星期；主訴有失眠HX,0
吳哲瑋,0,40,3,177,78,17,107,99,38,,0,3,A1302,13,111,0,99,0,0,一般和其他-發燒/畏寒-(3)前天開始發燒，主訴喉嚨痛，有至診所就醫，仍反覆發燒,0
吳嘉偉,0,40,3,124,78,17,66,98,36.2,,0,3,A0301,3,93,0,46,0,0,腸胃系統-腹痛-(3)急性中樞中度疼痛(4-7)表示昨天開始上腹脹,0
吳冠宇,0,67,3,124,66,18,95,96,36.1,,0,3,A0202,2,85,0,58,0,0,病人表剛剛心悸且胸悶覺得四肢麻木故入心臟血管系統-胸痛/胸悶-(3)血壓或心跳有異於病人之平常數值，但血行動力穩定,0
吳宗翰,1,66,3,139,80,20,70,97,36.9,Ward,0,2,A0410,4,99,0,59,0,0,中風症狀(突發性口齒不清/單側肢體感覺異常/突發性視覺異常)-(3)症狀發作時間＞6小時或已緩解 病人昨天早上睡起來後左側無力，右手肌肉力量5分，左側四分,0
吳品睿,0,38,3,123,74,19,83,97,36.3,,0,3,A0314,3,90,0,49,0,0,腸胃系統-腹痛-(3)急性中樞中度疼痛(4-7)-上腹疼痛下午起,0
吳柏霖,1,66,3,166,83,18,73,97,36.3,,0,3,A0503,5,110,0,83,0,0,骨骼系統-下肢疼痛-(3)血壓或心跳有異於病人之平常數值，但血行動力穩定 表示右臀延伸至右小腿疼痛  (過敏史:無;病史:高血壓.糖尿病.高血脂.坐骨神經炎.頸椎骨刺開刀),0
蔡家豪,1,66,3,134,83,18,74,97,36.3,,0,3,A0503,5,100,0,51,0,0,"骨骼系統-下肢疼痛-(3)血壓或心跳有異於病人之平常數值，但血行動力穩定 表示腰部及右腳麻痠痛,想住院入 (過敏史:無;病史:高血壓.糖尿病.高血脂.頸椎骨刺開刀)",0
蔡志明,0,22,3,91,65,18,84,97,35.5,,0,3,A0314,3,73,0,26,0,0,昨天胃痛，腹瀉1次，診所就診，今天胃痛加劇故入。腸胃系統-腹痛-(3)血壓或心跳有異於病人之平常數值，但血行動力穩定,0
蔡建宏,0,61,3,100,64,20,109,98,37.4,,0,3,A0307,3,76,0,36,0,0,今天開始嘔吐多次。(3)急性持續性嘔吐,0
蔡俊傑,0,62,3,137,63,17,83,99,36.2,,0,3,A0403,4,87,0,74,0,0,神經系統-眩暈/頭暈-(3)下午開始頭暈、嘔吐，現表會全身發抖，檢傷血糖107mg/dl,0
蔡哲瑋,0,71,3,118,59,20,85,98,36.4,,0,3,A0904,9,78,0,59,0,0,局部紅腫-(3)廣泛性蜂窩組織炎/紅腫 家屬表示左腳紅腫一星期，無發燒，雙手網拍使用,0
蔡嘉偉,0,70,3,119,69,20,74,98,35.9,,0,3,A0410,4,85,0,50,0,0,"神經系統-眩暈/頭暈-(3)姿勢性,無其他神經學症狀表示晚上開始頭暈有嘔吐一次",0
蔡冠宇,0,72,2,227,104,20,67,93,36.7,,0,3,A0204,2,145,1,123,0,1,高血壓急症*SBP=收縮壓DBP=舒張壓-(2)SBP＞220mmHg或DBP＞130mmHg，伴隨任一症狀(呼吸短促、胸痛、頭痛、噁心嘔吐、眩暈)昨天開始頭痛，現血壓高,0
蔡宗翰,1,73,3,128,76,19,86,99,36,,0,3,A0314,3,93,0,52,0,0,腸胃系統-腹痛-(3)急性中樞中度疼痛(4-7)-腹痛早上起，無其他明顯症狀,0
蔡品睿,1,73,3,129,81,18,85,95,35.9,,0,3,A0314,3,97,0,48,0,0,腹痛昨天始。就診過未改善。腸胃系統-腹痛-(3)急性中樞中度疼痛(4-7),0
蔡柏霖,1,64,3,101,73,18,94,94,35.6,,0,3,A0210,2,82,0,28,0,0,自訴胸痛2天心臟血管系統-胸痛/胸悶-(3)急性中樞中度疼痛(4-7),0
楊家豪,0,77,3,119,68,20,100,100,37.3,Ward,0,2,A0410,4,85,0,51,0,0,神經系統-頭痛-(3)急性中樞中度疼痛(4-7)家屬表示這幾天頭痛嗜睡.沒食慾吃不太下,0
楊志明,0,77,3,125,67,20,120,96,39,Ward,0,2,A1302,13,86,0,58,0,0,發燒/畏寒-(3)血壓或心跳有異於病人之平常數值，但血行動力穩定 發燒頭暈虛弱無力故入,0
楊建宏,0,45,3,157,90,19,77,99,37,,0,3,A0314,3,112,0,67,0,0,腸胃系統-腹痛-(3)急性中樞中度疼痛(4-7)今天開始上吐下瀉,0
楊俊傑,1,39,3,133,83,19,86,99,36,,0,3,A0410,4,99,0,50,0,0,神經系統-頭痛-(3)急性中樞中度疼痛(4-7)-頭痛晚上起,0
楊哲瑋,1,40,3,130,77,18,84,97,36.1,,0,3,A0301,3,94,0,53,0,0,病人表剛剛開始上腹痛且會痛到後背故入腸胃系統-腹痛-(3)血壓或心跳有異於病人之平常數值，但血行動力穩定,0
楊嘉偉,1,40,3,138,69,24,90,98,35.8,,0,3,A0301,3,92,0,69,0,0,病人表九點開始上腹痛且嘔吐故入腸胃系統-腹痛-(3)血壓或心跳有異於病人之平常數值，但血行動力穩定,0
楊冠宇,1,40,3,114,74,20,73,97,36.3,,0,3,A0501,5,87,0,40,0,0,病人表早上開始背痛且頭暈故入骨骼系統-背痛-(3)血壓或心跳有異於病人之平常數值，但血行動力穩定,0
楊宗翰,1,40,3,114,80,17,67,98,36.6,,0,3,A0301,3,91,0,34,0,0,腸胃系統-腹痛-(3)急性中樞中度疼痛(4-7)上腹痛想吐,0
楊品睿,0,31,3,96,56,19,77,97,36.2,,0,3,A0314,3,69,0,40,0,0,腸胃系統-腹痛-(3)急性中樞中度疼痛(4-7)噁心/嘔吐腹瀉-上吐下瀉4次,0
楊柏霖,0,30,3,128,68,20,91,100,36.8,,0,3,A0314,3,88,0,60,0,0,腸胃系統-腹痛-(3)急性中樞中度疼痛(4-7)病人表示晚上開始上腹痛，目前AP21週2天,0
許家豪,0,32,3,114,73,22,100,99,37.6,,0,3,A1302,13,86,0,41,0,0,病人表發燒及URI症狀全身痠痛已3天故入一般和其他-發燒/畏寒-(3)血壓或心跳有異於病人之平常數值，但血行動力穩定,0
許志明,0,57,3,138,90,20,111,99,38,,0,3,A0314,3,106,0,48,0,0,腹痛剛始。腸胃系統-腹痛-(3)發燒(看起來有病容),0
許建宏,0,31,3,125,71,20,89,100,36.5,,0,3,A0301,3,89,0,54,0,0,腹痛-(3)急性中樞中度疼痛(4-7)昨天晚上8點開始腹痛，無吐無腹瀉,0
許俊傑,1,75,3,107,73,20,68,98,36.5,,0,3,A0208,2,84,0,34,0,0,雙下肢水腫故入肢體水腫-(3)急性周邊重度疼痛(8-10),0
許哲瑋,0,25,3,136,86,18,70,98,36.7,,0,3,A0301,3,102,0,50,0,0,腹痛、虛弱無力。腹痛-(3)急性中樞中度疼痛(4-7),0
許嘉偉,0,25,3,146,88,20,101,97,38.4,,0,3,A1302,13,107,0,58,0,0,表今天從日本回來第4天，現發燒且URI症狀入一般和其他-發燒/畏寒-(3)血壓或心跳有異於病人之平常數值，但血行動力穩定,0
許冠宇,0,40,3,118,56,18,85,98,36.5,,0,3,A0601,6,76,0,62,0,0,"腰痛-(3)急性中樞中度疼痛(4-7),今天開始左腰痛,解尿不適故入",0
許宗翰,0,54,3,123,81,20,103,96,38.5,,0,3,A1315,13,95,0,42,0,0,一般和其他-發燒/畏寒-(3)發燒(看起來有病容)昨天有去打骨力強現發燒無力,0
許品睿,0,55,3,136,79,20,64,99,36.7,,0,3,A0704,7,98,0,57,0,0,神經系統-眩暈/頭暈-自述今天出現耳鳴暈眩情形,0
許柏霖,0,59,3,112,68,20,111,94,39.4,,0,3,A1302,13,82,0,44,0,0,表昨天開始發燒且URI症狀全身痠痛故入一般和其他-發燒/畏寒-(3)血壓或心跳有異於病人之平常數值，但血行動力穩定,0
鄭家豪,0,57,3,125,89,20,129,99,39.2,Ward,0,2,A0304,3,101,0,36,0,0,腸胃系統-腹瀉-(3)發燒(看起來有病容)主訴下午開始腹瀉發燒有就醫無改善,0
鄭志明,0,80,3,116,79,18,93,92,36.3,,0,3,A0105,1,91,0,37,0,0,咳血-(3)咳血塊，昨晚咳血，現在已改善。,0
鄭建宏,0,80,3,156,97,20,97,95,36.2,,0,3,A0410,4,116,0,59,0,0,"神經系統-眩暈/頭暈-(3)姿勢性,無其他神經學症狀-主訴在美髮店洗完頭後起來頭暈跌倒，現右眉一處傷口",0
鄭俊傑,0,81,3,139,64,18,64,96,35.3,,0,3,A0206,2,89,0,75,0,0,心臟血管系統-暈厥-(3)血壓或心跳有異於病人之平常數值，但血行動力穩定，早上起床後開始頭暈，無嘔吐,0
鄭哲瑋,1,76,3,127,71,20,61,95,36.3,ICU,1,1,A0310,3,89,0,56,0,0,昨天開始解黑便。血便/黑便-(3)輕度呼吸窘迫(92-94%),0
鄭嘉偉,1,77,3,159,72,20,66,96,34.7,ICU,1,1,A0103,1,101,0,87,0,0,咳嗽、喘好幾天。呼吸短促-(3)血壓或心跳有異於病人之平常數值，但血行動力穩定,0
鄭冠宇,1,77,3,163,91,20,58,97,36.1,,0,3,A0202,2,115,0,72,0,0,病人表右胸疼痛且呼吸會喘已3天故入心臟血管系統-胸痛/胸悶-(3)血壓或心跳有異於病人之平常數值，但血行動力穩定,0
鄭宗翰,0,39,3,132,89,18,77,99,35.7,,0,3,A0607,6,103,0,43,0,0,解尿困難、頻尿、雙側後腰痠痛。泌尿道感染相關症狀（頻尿、解尿疼痛）-(3)急性周邊重度疼痛(8-10),0
鄭品睿,1,91,3,173,84,18,68,95,35.7,,0,3,A0202,2,113,0,89,0,0,胸痛/胸悶-(3)急性中樞中度疼痛(4-7)，剛剛突然心悸、胸悶。,0
鄭柏霖,0,42,3,134,71,18,87,97,36.7,,0,3,A0304,3,92,0,63,0,0,"腸胃系統-腹痛-(3)急性中樞中度疼痛(4-7)腹瀉-(3)輕度脫水星期五始上腹痛,腹瀉多次",0
謝家豪,0,32,3,106,58,20,81,97,35.8,,0,3,A0107,1,74,0,48,0,0,呼吸系統-咳嗽-(5)慢性咳嗽，生命徵象正常，無發燒，無疼痛不適-咳嗽1週，3天前有至台大醫院求治表示右耳中耳炎及氣管炎,0
謝志明,0,77,3,115,75,20,110,99,39.4,,0,3,A0610,6,88,0,40,0,0,泌尿系統-泌尿道感染相關症狀（頻尿、解尿疼痛）-(3)發燒(看起來有病容),0
謝建宏,0,77,3,109,61,20,73,98,37,Ward,0,2,A1315,13,77,0,48,0,0,"一般和其他-檢驗/檢查結果異常-(3)檢驗出現危險數值,生命徵象正常-B/C長GNB",0
謝俊傑,0,77,3,177,88,20,99,93,36.2,,0,3,A1315,13,117,0,89,0,0,新陳代謝科黃俐瑩穎醫師轉入，表示血糖36mg/dl、Cr1.9建議留觀及做相關處置故入，(檢傷F/S 76 mg/gl一般和其他-轉診-(3)血壓或心跳有異於病人之平常數值，但血行動力穩定,0
謝哲瑋,0,30,4,103,70,19,61,99,36,,0,3,A0911,9,81,0,33,0,0,皮膚系統-局部紅腫-上背長痘痘紅腫痛多日(4)局部性蜂窩組織炎/紅腫,0
謝嘉偉,0,36,3,105,56,20,90,98,36.3,,0,3,A0610,6,72,0,49,0,0,泌尿系統-血尿-(3)血壓或心跳有異於病人之平常數值，但血行動力穩定 昨天開始解尿疼痛 今天血尿有血塊,0
謝冠宇,1,60,2,145,80,18,68,96,35.5,,0,3,A1315,13,101,0,65,1,1,"一般和其他-低血糖-(2)＜60mg/dl，伴隨任一症狀(混亂、冒汗、虛弱、顫抖)119送入,家屬表示在家中不適,119協助測量血糖:31,給予50% 2amp iv,現外帶 IVF D5S drip",0
謝宗翰,1,60,3,128,105,18,95,97,36.1,,0,3,A0205,2,112,0,23,0,0,全身虛弱/無力-(3)急性虛弱 /無法走動昨天開始全身無力,0
謝品睿,1,61,2,110,67,20,67,97,35.4,ICU,1,1,A0401,4,81,0,43,1,1,今天早上8點發現病患較嗜睡故入急診，本身有服用安眠藥但不確定是否有吃(檢傷F/S 274 mg/dl)意識程度改變-(2)意識程度改變(GCS9-13),0
謝柏霖,1,61,2,176,122,26,115,90,36,ICU,1,1,A0210,2,140,1,54,0,1,心臟血管系統-胸痛/胸悶-自述30分鐘前開始出現胸痛情形,0
郭家豪,1,61,2,180,92,20,83,92,35.3,,0,3,A0210,2,121,0,88,1,1,"心臟血管系統-胸痛/胸悶-(2)疑似心因性胸痛/胸悶,1/3做心導管,放支架6支(病史:高血壓,糖尿病,心臟病)",0
郭志明,0,45,3,125,80,19,95,98,37.8,Ward,0,2,A0904,9,95,0,45,0,0,一般和其他-皮膚系統左耳-局部紅腫-蜂窩性組織炎，,0
郭建宏,0,35,3,107,67,20,90,99,37.1,,0,3,A1010,10,80,0,40,0,0,懷孕六周、下體出血2天、今天早上已至新光醫院婦產科就醫、建議留院安胎但病患先返家、21:50分又下體出血故入婦產科-懷孕問題小於20週-(3)中量陰道出血,0
郭俊傑,0,36,3,115,64,18,78,98,36.6,,0,3,A0301,3,81,0,51,0,0,腹痛-(3)急性中樞中度疼痛(4-7)，上腹痛2小時。,0
郭哲瑋,0,36,3,100,60,20,71,99,36.7,,0,3,A0301,3,73,0,40,0,0,腸胃系統-腹痛-(4)慢性或反覆性疼痛主訴周二開始腹痛有就醫無改善,0
郭嘉偉,0,36,3,120,59,18,78,97,36.1,,0,3,A0301,3,79,0,61,0,0,腸胃系統-腹痛-(3)急性中樞中度疼痛(4-7)，0300開始肚子痛，沒吐沒拉沒發燒。,0
郭冠宇,0,55,4,121,99,18,93,98,35.8,,0,3,A0911,9,106,0,22,0,0,左腰皮膚紅疹，會痛三天。皮膚系統-疑似傳染性皮膚病-(4)急性周邊中度疼痛(4-7),0
郭宗翰,1,77,1,138,72,22,103,86,38.7,ICU,1,1,A1315,13,94,1,66,0,1,一般和其他-發燒/畏寒-(1)重度呼吸窘迫(＜90%),0
郭品睿,1,77,3,171,80,20,84,97,37.7,Ward,0,2,A1302,13,110,0,91,0,0,家中發燒38，2小時前服用退燒藥物 NG16Fr 6/12 on,0
郭柏霖,1,77,3,143,70,18,68,96,37.2,ICU,1,1,A0903,9,94,0,73,0,0,咳嗽咳痰、皮膚起紅疹、癢。咳嗽-(3)血壓或心跳有異於病人之平常數值，但血行動力穩定,0
曾家豪,1,77,2,131,55,30,114,82,39,Ward,0,2,A1315,13,80,1,76,0,1,一般和其他-發燒/畏寒-(2)中度呼吸窘迫(＜92%)-發燒今天起，咳嗽3天,0
曾志明,1,78,3,129,60,23,97,95,39,Ward,0,2,A1315,13,83,0,69,0,0,一般和其他-發燒/畏寒-(3)發燒(看起來有病容)-主訴今天早上發燒：家屬代訴病患重聽嚴重、DM、CVA(右測無力)、腎臟病，外帶NG16FR SLICON 1/29-2/28,0
曾建宏,1,78,2,150,71,20,71,96,36.2,ICU,1,1,A0101,1,97,0,79,1,1,呼吸短促-(2)血行動力循環不足 淡水馬偕轉院，診斷泌尿道感染、肺炎，故入,0
曾俊傑,0,20,3,119,56,18,101,95,36.3,,0,3,A0301,3,77,0,63,0,0,腹痛-(3)急性中樞中度疼痛(4-7)，1900開始肚子痛，剛剛吐了一次。,0
曾哲瑋,1,79,3,137,81,18,101,96,37,Ward,0,2,A1313,13,99,0,56,0,0,"家屬表示發燒腹痛樂生求治ct診斷膽道疑似腫瘤,無法處理鎖已轉入。影像檢查-檢驗/檢查結果異常-(3)發燒(看起來有病容)",0
曾嘉偉,0,21,3,135,75,18,92,99,36.8,,0,3,A0301,3,95,0,60,0,0,主訴今天開始頭暈、想吐、腹痛,0
曾冠宇,0,61,3,131,87,20,116,96,37.2,Ward,0,2,A1302,13,101,0,44,0,0,剛因多囊腎從耕莘出院，昨天凌晨開始發燒。發燒/畏寒-(3)血壓或心跳有異於病人之平常數值，但血行動力穩定,0
曾宗翰,0,62,2,182,97,26,146,92,41.1,Ward,0,2,A0107,1,125,1,85,0,1,呼吸系統-呼吸短促-(3)發燒(看起來有病容)(2)中度呼吸窘迫(＜92%),0
曾品睿,0,62,3,151,79,20,104,99,38.5,Ward,0,2,A1315,13,103,0,72,0,0,一般和其他-發燒/畏寒-(3)發燒(看起來有病容)-主訴今天發燒,0
曾柏霖,0,62,4,159,94,18,133,98,37.2,Ward,0,2,A0314,3,115,0,65,0,0,發燒昨天始，剛嘔吐。腸胃系統-噁心/嘔吐(4)發燒(看起來無病容),0
廖家豪,0,62,3,152,73,18,133,97,38,Ward,0,2,A1315,13,99,0,79,0,0,一般和其他-發燒/畏寒-(3)血壓或心跳有異於病人之平常數值，但血行動力穩定 早上開始發燒 (過敏史:無;病史:高血壓.多囊腎),0
廖志明,0,62,3,155,75,20,123,95,39,Ward,0,2,A1302,13,101,0,80,0,0,一般和其他-發燒/畏寒-(3)發燒(看起來有病容)反覆發燒兩天,0
廖建宏,0,63,3,148,90,20,128,98,39.3,Ward,0,2,A0607,6,109,0,58,0,0,表已發燒兩天有解尿熱痛感入泌尿系統-泌尿道感染相關症狀（頻尿、解尿疼痛）-(3)血壓或心跳有異於病人之平常數值，但血行動力穩定,0
廖俊傑,0,63,3,128,78,20,130,98,37.9,Ward,0,2,A1302,13,94,0,50,0,0,表昨天開始右上腹痛且發燒故入一般和其他-發燒/畏寒-(3)血壓或心跳有異於病人之平常數值，但血行動力穩定,0
廖哲瑋,1,36,3,130,86,18,78,98,35.9,,0,3,A0301,3,100,0,44,0,0,"腹痛-(3)急性中樞中度疼痛(4-7),昨天晚上開始上腹痛,有口服止痛及胃散,未改善故入",0
廖嘉偉,1,37,3,117,84,20,79,99,35.7,,0,3,A0314,3,95,0,33,0,0,腸胃系統-腹痛-(3)急性中樞中度疼痛(4-7)-上腹疼痛晚上起,0
廖冠宇,1,37,3,119,87,18,81,98,36.2,,0,3,A0501,5,97,0,32,0,0,"腹痛-(3)急性中樞中度疼痛(4-7),昨天上腹痛至急診求治,現未改善且延伸到背痛,噁心故入",0
廖宗翰,0,22,3,117,87,19,97,98,36,Ward,0,2,A0410,4,97,0,30,0,0,神經系統-肢體無力-(3)自訴有髓鞘神經病變，長期在長庚醫院就醫，從今天早上五點開始雙腳麻痛,0
廖品睿,0,22,4,117,69,18,71,99,36.7,Ward,0,2,A0503,5,85,0,48,0,0,left lower leg pain suspect due to MS，昨日自動出院現回來要求住院。下肢疼痛-(4)急性周邊中度疼痛(4-7),0
廖柏霖,0,23,3,131,75,18,78,95,36.9,,0,3,A0314,3,93,0,56,0,0,12/3腹痛，腸胃科就診，有做過胃鏡和核磁共振表示潰瘍，今劇烈疼痛，感瞬間時到灼熱感、腹脹、呼吸時感腹痛故入。腸胃系統-腹痛-(3)急性中樞中度疼痛(4-7),0
賴家豪,1,54,3,128,78,20,130,97,36.1,Ward,0,2,A0309,3,94,0,50,0,0,半夜3點吐COFFEE GROUND,0
賴志明,1,55,2,97,63,20,129,95,35.6,Ward,0,2,A0309,3,74,0,34,1,1,吐血-(2)小量的嘔吐，生命徵象正常/咖啡色嘔吐物，但合併有肝硬化或食道靜脈曲張出血,0
賴建宏,1,29,4,153,81,20,86,98,36.2,,0,3,A0714,7,105,0,72,0,0,耳鼻喉系統-上呼吸道感染相關症狀（鼻塞、流鼻水、咳嗽、喉嚨痛）-(4)急性周邊中度疼痛(4-7)-主訴今天開始全身痠痛、鼻塞,0
賴俊傑,1,29,3,132,87,20,60,97,35.6,,0,3,A0903,9,102,0,45,0,0,搔癢-紅疹-(3)廣泛性紅疹 病人晚上6點開始全身癢,0
賴哲瑋,0,21,3,104,68,20,76,98,36.7,,0,3,A1001,10,80,0,36,0,0,經期第一天，經痛。月經問題-(3)急性中樞中度疼痛(4-7),0
賴嘉偉,0,20,3,116,69,20,68,98,36.5,,0,3,A0301,3,84,0,47,0,0,腹痛-(3)急性中樞中度疼痛(4-7) 病人已腹痛三天，無嘔吐腹瀉,0
賴冠宇,0,27,3,151,82,20,66,94,36.4,,0,3,A0911,9,105,0,69,0,0,皮膚系統-紅疹-(3)廣泛性紅疹左眼腫,0
賴宗翰,0,27,3,125,77,17,83,96,36.8,,0,3,A1302,13,93,0,48,0,0,現懷孕35週 星期六診斷B流 有吃流感藥 現感到全身無力眼冒晶星（鼻塞、流鼻水、咳嗽、喉嚨痛）-(3)發燒(看起來有病容),0
賴品睿,0,53,4,121,80,20,85,99,36,,0,3,A0601,6,93,0,41,0,0,左腰疼痛一個禮拜故入腰痛-(4)急性中樞輕度疼痛(＜4),0
賴柏霖,0,58,4,121,76,18,105,96,38.3,,0,3,A0714,7,91,0,45,0,0,"耳鼻喉系統-上呼吸道感染相關症狀（鼻塞、流鼻水、咳嗽、喉嚨痛）-(4)發燒(看起來無病容),喉嚨痛,全身痠痛",0
徐家豪,1,55,2,135,84,20,103,99,36.3,,0,3,A0210,2,101,0,51,1,1,心臟血管系統-胸痛/胸悶-(2)疑似心因性胸痛/胸悶,0
徐志明,1,39,3,124,75,20,75,97,36,,0,3,A0301,3,91,0,49,0,0,表腹痛且噁心感故入腸胃系統-腹痛-(3)血壓或心跳有異於病人之平常數值，但血行動力穩定,0
徐建宏,0,34,3,158,102,20,101,95,37.6,,0,3,A0301,3,120,0,56,0,0,表今天開始腹痛且腹瀉故入腸胃系統-腹痛-(3)血壓或心跳有異於病人之平常數值，但血行動力穩定,0
徐俊傑,1,47,3,137,82,19,79,97,36.6,,0,3,A0504,5,100,0,55,0,0,骨骼系統-下肢疼痛-關節腫脹-(3)急性周邊重度疼痛(8-10)右膝右臀痛,0
徐哲瑋,1,87,3,147,71,20,82,97,36.6,,0,3,A1302,13,96,0,76,0,0,昨晚開始忽冷忽熱、嘔吐，0600服用退燒藥,0
徐嘉偉,1,87,4,149,69,18,74,98,36.8,,0,3,A0313,3,95,0,80,0,0,"腹脹-(4)急性中樞輕度疼痛(＜4)腹脹,食慾差,忽冷忽熱,頻尿故入",0
徐冠宇,1,88,3,141,76,18,80,97,36.7,Ward,0,2,A0301,3,97,0,65,0,0,腹痛-(3)急性中樞中度疼痛(4-7)，肚子痛，吐6天。,0
徐宗翰,1,38,3,160,129,20,75,99,35.7,,0,3,A0403,4,139,0,31,0,0,約20分鐘前打噴嚏後就雙手麻及頭皮麻且頭暈故入眩暈/頭暈-(3)血壓或心跳有異於病人之平常數值，但血行動力穩定,0
徐品睿,1,39,3,141,103,20,113,99,38.4,,0,3,A1302,13,115,0,38,0,0,一般和其他-發燒/畏寒-(3)發燒(看起來有病容) 主訴星期二確診A流，主訴吃完三天份就沒有燒，昨晚吃完最後一顆克流感藥物，昨天晚上開始發燒、畏寒,0
徐柏霖,0,29,3,122,80,19,122,99,38,,0,3,A1302,13,94,0,42,0,0,一般和其他-發燒/畏寒-(3)發燒(看起來有病容) 剛生產完一週 今早開始發燒 頭痛 四肢痠痛 左乳房痛 月子中心表示怕有乳腺炎,0
周家豪,0,58,3,153,67,19,70,98,36.2,,0,3,A0314,3,95,0,86,0,0,腸胃系統-腹痛-(3)急性中樞中度疼痛(4-7) 昨晚開始右下腹痛延伸至右後腰,0
周志明,0,56,3,122,77,20,116,97,38.3,Ward,0,2,A0601,6,92,0,45,0,0,"腰痛-(3)發燒(看起來有病容)前天開始腰痛昨天開始反覆發燒,至門診求至表示為APN建議轉至急診求治故入",0
周建宏,0,22,3,157,103,20,98,96,36.4,,0,3,A0101,1,121,0,54,0,0,呼吸短促-(3)血壓或心跳有異於病人之平常數值，但血行動力穩定 早上起床後感到呼吸喘胸悶不適故入,0
周俊傑,1,83,4,103,65,22,64,98,35.4,,0,3,A1309,13,77,0,38,0,0,一般和其他-醫療裝置問題-(4)醫療裝置問題(無其他症狀或窘迫徵象)，生命徵象正常，無發燒，無疼痛不適，尿管漏尿,0
周哲瑋,1,83,4,116,65,19,65,99,36.7,,0,3,A0610,6,82,0,51,0,0,泌尿系統-泌尿道感染相關症狀（頻尿、解尿疼痛）-(4)急性周邊中度疼痛(4-7)身上有裝導尿管，覺得解尿疼痛，一般材質18Fr.6/29到期,0
周嘉偉,1,84,3,132,60,18,82,98,36.5,,0,3,A0607,6,84,0,72,0,0,"泌尿道感染相關症狀（頻尿、解尿疼痛）-(3)急性周邊重度疼痛(8-10),病人表示早上11點開始尿管放置處疼痛入",0
周冠宇,1,84,3,114,60,20,103,94,39.3,Ward,0,2,A1315,13,78,0,54,0,0,"今下午因解尿不出來本院急診就診，放至尿管取檢體化驗為""泌尿道感染""，返家後仍不適且發冷故入。一般和其他-發燒/畏寒-(3)血壓或心跳有異於病人之平常數值，但血行動力穩定",0
周宗翰,1,77,3,112,87,24,88,99,36.8,Ward,0,2,A0210,2,95,0,25,0,0,L心臟血管系統-全身虛弱/無力--主訴昨天才剛從本院出院，家屬代訴無法進食，虛弱，119測F/S:262MG/DL,0
周品睿,1,78,2,121,88,22,82,95,35.5,ICU,1,1,A0610,6,99,0,33,1,1,泌尿系統-少尿-(3)輕度呼吸窘迫(92-94%)-少尿3-4天，現尿管尿液呈茶色尿，四肢水腫4+，有腎臟病、心臟病、糖尿病、膀胱纖維化病史,0
周柏霖,0,70,3,120,91,20,80,99,37.1,,0,3,A0410,4,100,0,29,0,0,兩年前及椎開刀，現左手、雙腳麻神經系統-肢體無力-,0
葉家豪,0,69,3,166,76,18,76,99,35.6,,0,3,A0504,5,106,0,90,0,0,骨骼系統-背痛-(3)急性中樞中度疼痛(4-7)表示昨晚八點多開始右後背疼痛,0
葉志明,0,69,3,188,115,18,95,98,36.4,,0,3,A0502,5,139,0,73,0,0,右側肩頸疼痛一個禮拜，有至急診、神內、皮膚科就醫皆未改善。上肢疼痛-(3)血壓或心跳有異於病人之平常數值，但血行動力穩定,0
葉建宏,0,62,3,115,61,19,66,98,36.5,Ward,0,2,A0409,4,79,0,54,0,0,神經系統-知覺喪失/感覺異常-(3)知覺喪失/感覺異常，急性 前天新泰檢查頸椎C5.6長骨刺 現右手麻痛,0
葉俊傑,0,63,3,130,80,20,88,99,36.8,,0,3,A0607,6,96,0,50,0,0,泌尿系統-泌尿道感染相關症狀（頻尿、解尿疼痛）-(3)急性周邊重度疼痛(8-10)-主訴前天開始下腹痛、右腰痠、解尿疼痛,0
葉哲瑋,0,56,3,122,61,20,78,99,36.7,,0,3,A0314,3,81,0,61,0,0,腸胃系統-腹痛-自述上個月底開膽結石，今天出現右上腹疼痛,0
葉嘉偉,0,31,3,123,74,18,102,98,36.3,,0,3,A0301,3,90,0,49,0,0,腸胃系統-腹痛-(3)急性中樞中度疼痛(4-7) 晚上12點開始左腹及左腰疼痛  (過敏史:KEFLUX;病史:無;LMP:2月底),0
葉冠宇,0,42,3,148,92,20,82,99,37.2,,0,3,A0307,3,110,0,56,0,0,腸胃系統-噁心/嘔吐-(3)急性持續性嘔吐-主訴頭痛、胃痛、吐，自述有感冒接觸史(丈夫),0
葉宗翰,0,45,3,116,68,20,95,97,36.2,Ward,0,2,A0210,2,84,0,48,0,0,心臟血管系統-肢體水腫-主訴雙下肢水腫約2星期；DM HX,0
葉品睿,0,45,3,114,74,18,86,98,37.8,,0,3,A1315,13,87,0,40,0,0,"一般和其他-發燒/畏寒-(3)發燒(看起來有病容),1點有吃退燒藥,吐一次(病史:C肝帶原)",0
葉柏霖,1,20,4,113,63,20,61,97,36.5,,0,3,A0501,5,79,0,50,0,0,背痛-(3)急性中樞中度疼痛(4-7)  昨天有搬機車後感到右背部疼痛故入,0
蘇家豪,0,68,3,124,71,20,83,98,37,Ward,0,2,A0904,9,88,0,53,0,0,右腳紅腫十幾天。(3)廣泛性蜂窩組織炎/紅腫,0
蘇志明,0,69,3,122,56,19,71,97,36.5,,0,3,A0314,3,78,0,66,0,0,腸胃系統-腹痛-(3)急性中樞中度疼痛(4-7)上腹痛延伸至右上腹痛3天,0
蘇建宏,0,69,3,119,64,20,65,98,36.4,Ward,0,2,A0301,3,82,0,55,0,0,腹痛-(3)血壓或心跳有異於病人之平常數值，但血行動力穩定，自述腹部悶悶的痛，昨天有來過，今天又復發,0
蘇俊傑,0,70,3,115,57,20,77,97,36.2,,0,3,A0314,3,76,0,58,0,0,腸胃系統-腹痛-(3)急性中樞中度疼痛(4-7)-主訴今天下午3底開始胃痛、嘔吐；HTN HX，自述對未知消炎藥過敏,0
蘇哲瑋,0,81,3,136,65,18,53,99,36.7,,0,3,A0504,5,88,0,71,0,0,腰椎第5節壓迫疼痛1個多禮拜。骨骼系統-背痛-(3)急性中樞中度疼痛(4-7),0
蘇嘉偉,0,34,3,116,64,20,93,96,36.9,,0,3,A0301,3,81,0,52,0,0,腹痛-(3)急性中樞中度疼痛(4-7)昨天半夜開始嘔吐腹痛及腹瀉故入 <DX:Nil Allergy:nil>,0
蘇冠宇,1,45,3,131,73,20,113,95,37.9,,0,3,A1302,13,92,0,58,0,0,發燒/畏寒-(3)發燒(看起來有病容),0
蘇宗翰,0,65,3,145,69,18,77,98,35.6,,0,3,A0404,4,94,0,76,0,0,3天前頭痛、暈，西藥房買藥吃，腹脹及腹瀉，今天起嘔吐故入。腸胃系統-噁心/嘔吐*假如病人有凝血異常問題且有咖啡色嘔吐物的情形，請選擇A0309吐血-(3)急性持續性嘔吐,0
蘇品睿,0,34,3,101,65,20,59,98,36,,0,3,A0301,3,77,0,36,0,0,腸胃系統-腹痛-(3)急性中樞中度疼痛(4-7)-主訴昨天晚上5點開始胃痛；自述胃潰瘍、胃食道逆流、膽結石HX,0
蘇柏霖,1,52,2,119,76,22,120,97,37.5,,0,3,A0202,2,90,0,43,1,1,半夜三四點左右開始胸痛胸痛/胸悶-(2)急性中樞重度疼痛(8-10),1
莊家豪,1,22,3,146,88,20,80,99,36.6,,0,3,A0314,3,107,0,58,0,0,腸胃系統-腹瀉-(3)輕度脫水昨晚開始腹瀉約7次,0
莊志明,0,75,3,115,60,18,90,97,36.4,,0,3,A0314,3,78,0,55,0,0,"腸胃系統-腹痛-(3)急性中樞中度疼痛(4-7),肚臍周圍通,上吐下瀉,3點開始(病史:高血壓,大腸癌手術)",0
莊建宏,0,76,4,163,118,18,87,99,35.5,,0,3,A0610,6,133,0,45,0,0,解尿疼痛.血尿.頻尿(過敏史:無;病史:高血壓)泌尿系統-泌尿道感染相關症狀（頻尿、解尿疼痛）-(4)急性周邊中度疼痛(4-7),0
莊俊傑,1,64,3,149,101,20,74,97,35.4,Ward,0,2,A0314,3,117,0,48,0,0,門診轉入，腹痛一星期，門診就診建議轉急診檢查腸胃系統-腹痛-(3)急性中樞中度疼痛(4-7),0
莊哲瑋,1,64,3,119,77,20,68,98,36.6,,0,3,A0403,4,91,0,42,0,0,"頭暈視力模糊一個禮拜，在家驗血糖五百多。(3)姿勢性,無其他神經學症狀",0
莊嘉偉,1,64,3,127,89,20,65,99,36.8,,0,3,A0301,3,101,0,38,0,0,主訴開始頭暈、嘔吐、腹痛、冒冷汗持續1星期，檢傷血糖:176MG/DL：DM、HTN、心臟病HX,0
莊冠宇,1,64,4,134,81,18,72,99,36.3,,0,3,A1104,11,98,0,53,0,0,全身不舒服、痠痛兩個禮拜，提不起精神，睡20小時仍沒精神。失眠-(4)急性失眠,0
莊宗翰,0,52,3,139,81,18,70,97,35.9,,0,3,A0301,3,100,0,58,0,0,腹痛-(3)急性中樞中度疼痛(4-7)，肚子痛2天，剛剛吐一次。,0
莊品睿,1,64,1,160,101,20,113,61,35.8,Ward,0,2,A0101,1,120,1,59,0,1,呼吸短促-(1)重度呼吸窘迫(＜90%) 感冒十天，病人表示早上開始呼吸喘,0
莊柏霖,1,20,3,126,69,18,98,97,36.9,,0,3,A0404,4,88,0,57,0,0,"頭痛-(3)急性中樞中度疼痛(4-7),病人下午開始頭痛,晚上睡到1點半畏寒頭痛想吐,嘔吐一次故入",0
江家豪,1,21,3,100,66,18,68,98,36.5,,0,3,A0301,3,77,0,34,0,0,"腹痛-(3)急性中樞中度疼痛(4-7)晚上12點開始腹痛,腹脹,嘔吐一次故入",0
江志明,1,21,3,128,60,19,100,96,36.9,,0,3,A0410,4,82,0,68,0,0,神經系統-眩暈/頭暈-(3)血壓或心跳有異於病人之平常數值，但血行動力穩定 昨晚開始頭暈想吐,0
江建宏,0,28,3,123,58,19,87,99,36.3,,0,3,A0911,9,79,0,65,0,0,皮膚系統-局部紅腫-(3)急性周邊重度疼痛(8-10)左手紅腫病人表藥物過敏就會左手腫,0
江俊傑,0,43,3,132,96,18,77,99,36.6,,0,3,A0203,2,108,0,36,0,0,心悸/不規則心跳-(3)急性、突發性、持續性之心悸 胸口不適約今晚八點始。,0
江哲瑋,0,44,3,121,89,18,104,98,36.8,Ward,0,2,A0301,3,99,0,32,0,0,"腹痛-(3)急性中樞中度疼痛(4-7)突然右下腹痛,噁心想吐故入",0
江嘉偉,0,44,3,115,84,19,89,99,36.8,,0,3,A0210,2,94,0,31,0,0,心臟血管系統-胸痛/胸悶-(3)急性中樞中度疼痛(4-7)左胸痛,0
江冠宇,0,44,3,102,68,18,75,100,36.6,,0,3,A0410,4,79,0,34,0,0,"神經系統-頭痛-(3)急性中樞中度疼痛(4-7),想吐(過敏史:aspirin)(病史:大腸憩室炎開刀)",0
江宗翰,0,44,4,106,71,18,97,100,36.8,,0,3,A1010,10,82,0,35,0,0,今天下午陰道灼熱感、分泌多、白色，身體熱熱的故入。(7/19因PID有至婦產科就診)婦產科-陰道分泌物-(4)急性周邊中度疼痛(4-7),0
江品睿,0,28,3,109,74,20,79,99,36.1,,0,3,A0202,2,85,0,35,0,0,"心臟血管系統-胸痛/胸悶-(3)急性中樞中度疼痛(4-7),今日開始",0
江柏霖,0,22,4,122,79,18,63,99,36,,0,3,A0714,7,93,0,43,0,0,今天晚上發現左頸頸部腫痛、摸有一粒，之前有腮腺結石病史故入。耳鼻喉系統-頸部腫脹/疼痛-(4)急性中樞輕度疼痛(＜4),0
呂家豪,0,56,3,105,74,18,98,99,36.6,,0,3,A0309,3,84,0,31,0,0,"噁心/嘔吐*假如病人有凝血異常問題且有咖啡色嘔吐物的情形，請選擇A0309吐血-(3)急性持續性嘔吐,病人一小時前開始上吐下瀉,腹痛,現雙手麻木無力頭暈入ER",0
呂志明,0,58,4,171,97,20,75,99,36.6,,0,3,A0409,4,121,0,74,0,0,知覺喪失/感覺異常主訴剛剛電視到一半有雙手及雙腳麻呼吸喘情形,0
呂建宏,1,42,3,131,87,20,101,98,38.1,,0,3,A1302,13,101,0,44,0,0,一般和其他-發燒/畏寒-(3)發燒(看起來有病容)昨天開始發燒咳嗽 全身肌肉痠痛,0
呂俊傑,0,68,3,150,96,22,89,97,36.7,,0,3,A0504,5,114,0,54,0,0,骨骼系統-背痛-(3)急性中樞中度疼痛(4-7),0
呂哲瑋,0,68,3,130,74,20,93,97,36.1,,0,3,A0501,5,92,0,56,0,0,背痛-(3)血壓或心跳有異於病人之平常數值，但血行動力穩定 昨天晚上開始背痛,0
呂嘉偉,1,34,3,111,79,19,101,99,36.1,,0,3,A0314,3,89,0,32,0,0,腸胃系統-噁心/嘔吐(3)急性持續性嘔吐,0
呂冠宇,1,79,3,109,70,20,100,98,38,,0,3,A1302,13,83,0,39,0,0,一般和其他-發燒/畏寒-(3)發燒(看起來有病容)主訴咳嗽有痰、發燒2天；CVA、HTN HX,0
呂宗翰,1,79,3,142,101,20,116,96,38.9,Ward,0,2,A1302,13,114,0,41,0,0,"一般和其他-發燒/畏寒-(3)發燒(看起來有病容)前天開始發燒有到醫院就醫診斷為肺炎,返家後今天開始有痰多呼吸喘且高燒故入",0
呂品睿,0,60,3,207,88,20,102,97,38.8,,0,3,A1302,13,127,0,119,0,0,發燒/畏寒-(3)血壓或心跳有異於病人之平常數值，但血行動力穩定 左耳耳鳴兩星期，星期五全身痠痛，現發燒、喉嚨痛、腹瀉一次,0
呂柏霖,0,60,4,135,69,20,60,97,36.6,,0,3,A0301,3,91,0,66,0,0,"腸胃系統-腹痛-(4)慢性或反覆性疼痛主訴昨天晚上開始腹痛有就醫,剛剛再度疼痛難忍故入",0
何家豪,0,60,3,151,55,20,59,99,36.6,,0,3,A0301,3,87,0,96,0,0,腸胃系統-腹痛-(3)急性中樞中度疼痛(4-7)主訴離院後再度腹痛故入,0
何志明,0,61,3,189,86,20,67,97,36.4,,0,3,A0202,2,120,0,103,0,0,心臟血管系統-胸痛/胸悶-(3)急性中樞中度疼痛(4-7)昨天下午四點開始胸悶 門診轉入,0
何建宏,1,42,3,126,89,18,59,97,35.6,,0,3,A0810,8,101,0,37,0,0,"眼科-眼睛疼痛-(3)急性中樞中度疼痛(4-7)今天電銲,現眼睛痛(病史:nil)",0
何俊傑,0,67,2,132,73,24,136,96,40.2,Ward,0,2,A0610,6,92,0,59,1,1,發燒四五天、解尿疼痛泌尿系統-腰痛-泌尿道感染相關症狀（頻尿、解尿疼痛）-,0
何哲瑋,0,38,3,141,92,18,101,99,36.8,,0,3,A0304,3,108,0,49,0,0,"腹瀉-(3)輕度脫水,昨天晚上7點開始腹瀉多次,現腹痛故入",0
何嘉偉,0,77,4,108,70,18,87,96,36.5,,0,3,A0902,9,82,0,38,0,0,"皮膚系統-搔癢-(4)急性周邊中度疼痛(4-7)6/25來本院打完針後感全身癢,癢到睡不著,診所也求治過無效",0
何冠宇,1,65,3,121,63,18,68,97,35,,0,3,A0202,2,82,0,58,0,0,胸痛/胸悶-(3)急性中樞中度疼痛(4-7)，2/2開始胸悶、胸痛。,0
何宗翰,0,41,2,148,90,22,110,96,40.8,,0,3,A1315,13,109,0,58,1,1,半小時前發燒、嘔吐，晚上七點多拔智齒一般和其他-發燒/畏寒-,0
何品睿,1,69,3,164,85,20,100,98,38.2,,0,3,A0103,1,111,0,79,0,0,"咳嗽-(3)發燒(看起來有病容),咳嗽2個禮拜,今天有至門診表示肺部感染較改善,但現發燒故入(有使用抗生素)",0
何柏霖,0,33,3,124,59,20,92,99,37.5,,0,3,A1302,13,80,0,65,0,0,一般和其他-發燒/畏寒-(3)發燒(看起來有病容)-主訴今天開始發燒，自述有感冒接觸史(小孩),0
羅家豪,0,66,2,107,63,20,92,95,36.3,,0,3,A0405,4,77,0,44,1,1,昏倒、全身冒汗、路人表示有抽蓄情形,0
羅志明,1,55,3,164,116,20,77,96,35.5,,0,3,A0602,6,132,0,48,0,0,泌尿系統-血尿-腰痛-(3)急性中樞中度疼痛(4-7) 剛剛開始右腰痛、嘔吐,0
羅建宏,1,55,3,163,79,20,58,98,35.5,Ward,0,2,A0601,6,107,0,84,0,0,腰痛-(3)急性中樞中度疼痛(4-7) 清晨有至急診就醫，返家後仍右腰痛、嘔吐2次，,0
羅俊傑,1,74,3,153,87,16,76,100,35.2,,0,3,A0314,3,109,0,66,0,0,腸胃系統-腹痛-(3)急性中樞中度疼痛(4-7),0
羅哲瑋,1,76,3,136,86,17,76,98,36.1,,0,3,A0403,4,102,0,50,0,0,"神經系統-眩暈/頭暈-(3)姿勢性,無其他神經學症狀 表示有咳嗽流鼻水頭暈",0
羅嘉偉,0,86,3,97,57,20,90,96,36.6,,0,3,A0304,3,70,0,40,0,0,"腹瀉次多次以三天,且今天早上有自行拔鼻管故入腹瀉-(3)血壓或心跳有異於病人之平常數值，但血行動力穩定",0
羅冠宇,1,60,3,143,86,20,83,96,36,,0,3,A0403,4,105,0,57,0,0,眩暈/頭暈-(3)血壓或心跳有異於病人之平常數值，但血行動力穩定 病人上班時頭暈，天旋地轉，噁心,0
羅宗翰,1,67,4,126,79,20,84,99,36.4,,0,3,A1315,13,94,0,47,0,0,一般和其他-醫療裝置問題-(4)急性周邊中度疼痛(4-7)-數天前在本院做心導管，右手現紅腫及疼痛,0
羅品睿,1,74,3,158,88,20,94,98,35.6,Ward,0,2,A0403,4,111,0,70,0,0,"眩暈/頭暈-(3)姿勢性,無其他神經學症狀 頭暈兩到三天,且雙眼模糊故入",0
羅柏霖,1,56,2,132,84,25,103,94,33,ICU,1,1,A1315,13,100,0,48,1,1,一般和其他-高血糖-(2)>324mg/dl，伴隨任一症狀(呼吸困難、脫水、虛弱)呼吸喘,0
高家豪,0,60,3,122,76,20,87,99,36.9,,0,3,A0903,9,91,0,46,0,0,紅疹-(3)廣泛性紅疹 腰部、臀部、大腿，膝蓋以上皆有紅疹、癢,0
高志明,1,34,3,121,88,17,111,99,36.9,,0,3,A0314,3,99,0,33,0,0,腸胃系統-腹部腫塊/腹脹-(3)急性中樞中度疼痛(4-7)脖子肩膀痠痛，2-3天未改善，吃一點東西後就覺得腹脹，快滿出來，夜間盜汗,0
高建宏,1,34,3,136,90,20,115,97,38.2,Ward,0,2,A0404,4,105,0,46,0,0,腸胃系統-腹瀉-主訴腹瀉、頭痛、發冷、肌肉痠痛，表示昨天有去花蓮玩,0
高俊傑,0,50,3,121,90,20,77,99,35.3,,0,3,A0314,3,100,0,31,0,0,腸胃系統-腹痛-(3)急性中樞中度疼痛(4-7)-上腹痛今天起,0
高哲瑋,0,34,3,140,74,18,86,100,36.4,,0,3,A0301,3,96,0,66,0,0,腹痛-(3)急性中樞中度疼痛(4-7)，下腹痛，有吐。,0
高嘉偉,0,21,3,131,102,20,86,97,36.9,,0,3,A0403,4,111,0,29,0,0,眩暈/頭暈-(3)血壓或心跳有異於病人之平常數值，但血行動力穩定，頭暈，無力。,0
高冠宇,0,40,3,160,105,20,88,99,36.5,,0,3,A1001,10,123,0,55,0,0,月經問題-(3)急性中樞中度疼痛(4-7)4/26月經來現斷斷續續有月經，頭暈。,0
高宗翰,0,40,3,145,97,18,91,100,36.8,,0,3,A0314,3,113,0,48,0,0,表示早上開始腹痛腹瀉3次(過敏史:無;病史:高血壓.糖尿病)腸胃系統-腹瀉-(3)輕度脫水,0
高品睿,0,24,3,133,81,18,102,99,37.4,,0,3,A0911,9,98,0,52,0,0,表示臉部前胸後背剛開始起疹子(過敏史:無;病史:無)皮膚系統-紅疹-(3)臉部蜂窩性組織炎，眼眶周圍區域,0
高柏霖,0,23,4,98,54,18,104,97,38,,0,3,A1315,13,68,0,44,0,0,"一般和其他-發燒/畏寒-(4)發燒(看起來無病容),發燒第一天,全身痠痛(病史:nil)",0
蕭家豪,0,36,3,117,62,22,52,99,35.1,,0,3,A0314,3,80,0,55,0,0,一小時前下腹疼痛，現生理期第一天。腸胃系統-腹痛-(3)急性中樞中度疼痛(4-7),0
蕭志明,1,52,3,145,93,20,79,97,36.2,,0,3,A0203,2,110,0,52,0,0,心悸/不規則心跳-(3)急性、突發性、持續性之心悸，晚上六點開始心悸，喘不過氣，四肢麻，左側無力,0
蕭建宏,1,47,3,124,57,19,90,99,37.8,Ward,0,2,A1315,13,79,0,67,0,0,一般和其他-發燒/畏寒-(3)發燒(看起來有病容)-發燒、咳嗽、頭痛、全身痠痛3天，在部桃因血糖過高建議住院,0
蕭俊傑,1,47,3,154,80,19,80,98,36.2,Ward,0,2,A0301,3,104,0,74,0,0,腸胃系統-腹痛-(3)急性中樞中度疼痛(4-7) 腹痛 頭痛耳鳴三天 全身無力,0
蕭哲瑋,0,22,3,110,68,20,76,99,36.3,,0,3,A0410,4,82,0,42,0,0,"神經系統-眩暈/頭暈-(3)姿勢性,無其他神經學症狀-頭痛、頭暈、腹脹，下午有畏寒",0
蕭嘉偉,0,22,4,108,70,16,72,99,36.4,,0,3,A0403,4,82,0,38,0,0,感冒多日,0
蕭冠宇,0,23,4,96,63,18,98,98,37,,0,3,A0714,7,74,0,33,0,0,耳鼻喉系統-上呼吸道感染相關症狀（鼻塞、流鼻水、咳嗽、喉嚨痛）-(4)急性周邊中度疼痛(4-7),0
蕭宗翰,0,23,4,114,68,18,71,99,36,,0,3,A0911,9,83,0,46,0,0,皮膚系統-局部紅腫-(4)局部性蜂窩組織炎/紅腫表示嘴唇紅腫(過敏史:無;病史:無;LMP:8/7),0
蕭品睿,0,23,5,110,72,16,89,98,36.6,,0,3,A1315,13,84,0,38,0,0,一般和其他-耳鼻喉系統-上呼吸道感染相關症狀（鼻塞、流鼻水、咳嗽、喉嚨痛）-(5)上呼吸道感染相關症狀，生命徵象正常，無發燒，無疼痛不適,0
蕭柏霖,0,23,4,120,60,20,70,99,36.8,,0,3,A0301,3,80,0,60,0,0,胃痛腸胃系統-腹痛-(4)急性中樞輕度疼痛(＜4),0
潘家豪,0,48,1,113,70,20,69,98,36.6,,0,3,A1203,12,84,0,43,1,1,"藥物過量攝取-(1)無意識(GCS3-8)  家屬表示約一兩點叫喚不醒發現有吃約十多顆的安眠藥,但不曉得什麼時候吃的故入",0
潘志明,0,21,3,112,68,18,71,99,36.2,,0,3,A0314,3,82,0,44,0,0,"腸胃系統-腹痛-(3)急性中樞中度疼痛(4-7),肚臍周圍痛,想吐",0
潘建宏,0,21,3,141,94,23,100,100,36.8,,0,3,A1010,10,109,0,47,0,0,婦產科-月經問題-(3)急性中樞中度疼痛(4-7)-主訴經痛，今天MC來第2天,0
潘俊傑,0,21,3,100,61,18,106,98,35.5,,0,3,A0304,3,74,0,39,0,0,腹瀉-(3)輕度脫水，2000開始拉肚子，拉了6次，現在肚子覺會脹，有點痛，有噁心感。,0
潘哲瑋,0,21,3,115,57,16,126,97,35.7,,0,3,A0911,9,76,0,58,0,0,皮膚系統-紅疹-(3)廣泛性紅疹(病史:NIL),0
潘嘉偉,0,21,3,130,89,18,107,98,36.7,,0,3,A0607,6,102,0,41,0,0,"泌尿系統-泌尿道感染相關症狀（頻尿、解尿疼痛）-(4)急性周邊中度疼痛(4-7) 今天頻尿,解尿灼熱,又有蕁麻疹 (過敏史:無;病史:無;LMP:4/8)",0
楊韻,0,20,3,128,66,20,80,99,35.3,,0,3,A0707,7,86,0,62,0,0,"昨天半夜發燒喉嚨痛中午12點有頭暈情形昏倒撞到頭,頭部有約三公分血腫情形故入頭部鈍傷-(3)急性中樞中度疼痛(4-7)",0
胡千,1,23,3,122,78,20,76,99,36.8,,0,3,A0202,2,92,0,44,0,0,病患表示自己情緒不穩引起胸悶、吐、自覺心律不整,0
游雅恩,0,20,4,103,70,20,95,98,36.8,,0,3,A0314,3,81,0,33,0,0,腸胃系統腹瀉--主訴剛剛開始腹瀉,0
呂如安,0,57,3,129,99,18,74,98,36.8,,0,3,A0403,4,109,0,30,0,0,"眩暈/頭暈-(3)姿勢性,無其他神經學症狀,頭暈噁心臉潮紅一個禮拜,腳抽筋,至家醫科醫師建議轉入",0
